Sensor,Wavelength,F_statistic,p_value
Cu-IHIGHHI-PCV,350,20.284751409506566,2.7207273348036034e-16
Cu-IHIGHHI-PCV,352,19.454645332332365,6.997497488989611e-16
Cu-IHIGHHI-PCV,354,17.02101035722912,1.3389092268090937e-14
Cu-IHIGHHI-PCV,356,16.5487771479965,2.4576435269556957e-14
Cu-IHIGHHI-PCV,358,16.49092249761365,2.6497032561246897e-14
Cu-IHIGHHI-PCV,360,15.441527201453532,1.0723081505715608e-13
Cu-IHIGHHI-PCV,362,14.747188512866556,2.804167190585781e-13
Cu-IHIGHHI-PCV,364,14.70503566223053,2.9756019456940864e-13
Cu-IHIGHHI-PCV,366,14.564236465820777,3.630926286903599e-13
Cu-IHIGHHI-PCV,368,13.562214846459872,1.5555814064482672e-12
Cu-IHIGHHI-PCV,370,13.04579610931008,3.385051967233282e-12
Cu-IHIGHHI-PCV,372,13.109908437284666,3.0702904447754013e-12
Cu-IHIGHHI-PCV,374,12.84969752036181,4.571360610644965e-12
Cu-IHIGHHI-PCV,376,11.557153319296843,3.5742738504406616e-11
Cu-IHIGHHI-PCV,378,11.82560130022661,2.3055470794026123e-11
Cu-IHIGHHI-PCV,380,11.93191799342294,1.9413145045601036e-11
Cu-IHIGHHI-PCV,382,11.223035394562169,6.22266903893257e-11
Cu-IHIGHHI-PCV,384,10.191543956452996,3.675920166407113e-10
Cu-IHIGHHI-PCV,386,10.013711784183318,5.044977651293376e-10
Cu-IHIGHHI-PCV,388,9.53407804637156,1.2041493325554425e-09
Cu-IHIGHHI-PCV,390,8.750997648809783,5.254569092818321e-09
Cu-IHIGHHI-PCV,392,8.56871165100154,7.47791537196571e-09
Cu-IHIGHHI-PCV,394,8.474875612354843,8.980937582696164e-09
Cu-IHIGHHI-PCV,396,7.94791298520097,2.561572046966738e-08
Cu-IHIGHHI-PCV,398,7.464426909236206,6.907110841220183e-08
Cu-IHIGHHI-PCV,400,7.116809954851976,1.4359858046240365e-07
Cu-IHIGHHI-PCV,402,6.758679692385462,3.1044484670144135e-07
Cu-IHIGHHI-PCV,404,6.304240484333865,8.471938557888111e-07
Cu-IHIGHHI-PCV,406,6.254690617291689,9.468711650102563e-07
Cu-IHIGHHI-PCV,408,6.050439331480554,1.503301835768884e-06
Cu-IHIGHHI-PCV,410,5.71360230111271,3.2650649605686554e-06
Cu-IHIGHHI-PCV,412,5.512788255335807,5.226069970279175e-06
Cu-IHIGHHI-PCV,414,5.5437465506988115,4.858611311765569e-06
Cu-IHIGHHI-PCV,416,5.485252339572194,5.576865517314389e-06
Cu-IHIGHHI-PCV,418,5.409975507361582,6.664604245158903e-06
Cu-IHIGHHI-PCV,420,5.175368281068363,1.167650786483298e-05
Cu-IHIGHHI-PCV,422,5.082276499202769,1.4619819635607542e-05
Cu-IHIGHHI-PCV,424,5.199701933060744,1.1012511643326275e-05
Cu-IHIGHHI-PCV,426,4.9226578455974215,2.156022442292694e-05
Cu-IHIGHHI-PCV,428,5.051860819404948,1.5738468617321377e-05
Cu-IHIGHHI-PCV,430,5.011130863441144,1.737543621824809e-05
Cu-IHIGHHI-PCV,432,5.122652504655971,1.3259549735882405e-05
Cu-IHIGHHI-PCV,434,4.881479811149223,2.3847653478887356e-05
Cu-IHIGHHI-PCV,436,4.8288737776657396,2.7136353512634038e-05
Cu-IHIGHHI-PCV,438,5.038194575286791,1.6269319137817216e-05
Cu-IHIGHHI-PCV,440,4.825455788674407,2.7365480001409144e-05
Cu-IHIGHHI-PCV,442,4.708153983064337,3.655769127627295e-05
Cu-IHIGHHI-PCV,444,4.898240011635091,2.288801306271292e-05
Cu-IHIGHHI-PCV,446,5.037145267234256,1.6310829863698902e-05
Cu-IHIGHHI-PCV,448,4.9398670857930185,2.0672074098624986e-05
Cu-IHIGHHI-PCV,450,4.78007166664608,3.060274912963124e-05
Cu-IHIGHHI-PCV,452,4.931509628443851,2.1098611563698317e-05
Cu-IHIGHHI-PCV,454,4.918544817042017,2.1778225496771037e-05
Cu-IHIGHHI-PCV,456,4.829424670690212,2.709960849640997e-05
Cu-IHIGHHI-PCV,458,4.966653512379339,1.936359644482638e-05
Cu-IHIGHHI-PCV,460,5.26966982493297,9.310881056231755e-06
Cu-IHIGHHI-PCV,462,5.189218712845475,1.1293686400724757e-05
Cu-IHIGHHI-PCV,464,5.156109299692939,1.2231066267548234e-05
Cu-IHIGHHI-PCV,466,5.408555396336557,6.687099236102267e-06
Cu-IHIGHHI-PCV,468,5.411689465661456,6.637558045877337e-06
Cu-IHIGHHI-PCV,470,5.25096266226478,9.737545267633132e-06
Cu-IHIGHHI-PCV,472,5.3076192769774515,8.503284812428738e-06
Cu-IHIGHHI-PCV,474,5.462406081741817,5.886228761570376e-06
Cu-IHIGHHI-PCV,476,5.789408054217714,2.738116372514779e-06
Cu-IHIGHHI-PCV,478,5.899535968830512,2.1235309705087055e-06
Cu-IHIGHHI-PCV,480,6.001086209571936,1.6824761102788444e-06
Cu-IHIGHHI-PCV,482,6.110722408647018,1.3107567612389685e-06
Cu-IHIGHHI-PCV,484,6.521492644389847,5.223605250809941e-07
Cu-IHIGHHI-PCV,486,6.87485289426703,2.412874698531218e-07
Cu-IHIGHHI-PCV,488,6.938644240556044,2.1027005810149214e-07
Cu-IHIGHHI-PCV,490,7.225666356787066,1.1399003750231091e-07
Cu-IHIGHHI-PCV,492,7.538719812035698,5.919120438710532e-08
Cu-IHIGHHI-PCV,494,7.748626609393918,3.8415883947702684e-08
Cu-IHIGHHI-PCV,496,8.258584331428818,1.375270651495405e-08
Cu-IHIGHHI-PCV,498,8.541094183749035,7.891220962919685e-09
Cu-IHIGHHI-PCV,500,9.321153569366338,1.7855467573243668e-09
Cu-IHIGHHI-PCV,502,9.636669904287682,9.976833777730178e-10
Cu-IHIGHHI-PCV,504,10.092187141632776,4.3854637822821723e-10
Cu-IHIGHHI-PCV,506,10.449584750013953,2.3349345740297516e-10
Cu-IHIGHHI-PCV,508,10.784184549498493,1.308757295314854e-10
Cu-IHIGHHI-PCV,510,11.213029424774804,6.327817056549131e-11
Cu-IHIGHHI-PCV,512,12.030482349001735,1.6566447368026072e-11
Cu-IHIGHHI-PCV,514,12.358682719593412,9.826849402934162e-12
Cu-IHIGHHI-PCV,516,12.81735261843406,4.804954262437827e-12
Cu-IHIGHHI-PCV,518,13.4980989286576,1.7114233212768638e-12
Cu-IHIGHHI-PCV,520,13.608350140382134,1.452564737749356e-12
Cu-IHIGHHI-PCV,522,13.90878310568258,9.331594871056244e-13
Cu-IHIGHHI-PCV,524,14.144384056476946,6.624511755165353e-13
Cu-IHIGHHI-PCV,526,14.641870893169566,3.253008244830952e-13
Cu-IHIGHHI-PCV,528,14.655209124767433,3.1922839709079087e-13
Cu-IHIGHHI-PCV,530,15.149910460613304,1.5998157487647907e-13
Cu-IHIGHHI-PCV,532,15.667910510459317,7.888277845171711e-14
Cu-IHIGHHI-PCV,534,15.74473108588023,7.112749634694522e-14
Cu-IHIGHHI-PCV,536,15.652934188491228,8.049371294659568e-14
Cu-IHIGHHI-PCV,538,16.079427982983496,4.549592781828565e-14
Cu-IHIGHHI-PCV,540,15.800590881000945,6.598591384654792e-14
Cu-IHIGHHI-PCV,542,15.78341468158935,6.75246936695273e-14
Cu-IHIGHHI-PCV,544,15.982570742101231,5.174185635577858e-14
Cu-IHIGHHI-PCV,546,16.06761810588458,4.621385308409696e-14
Cu-IHIGHHI-PCV,548,16.203108199165616,3.863408248132412e-14
Cu-IHIGHHI-PCV,550,15.956509137283895,5.356919328816541e-14
Cu-IHIGHHI-PCV,552,15.02621808630247,1.8987062919287102e-13
Cu-IHIGHHI-PCV,554,15.793978843635655,6.65739402510494e-14
Cu-IHIGHHI-PCV,556,16.01521038217683,4.954370410896681e-14
Cu-IHIGHHI-PCV,558,15.354155407786836,1.2082029937257935e-13
Cu-IHIGHHI-PCV,560,15.318925189815403,1.267920879967326e-13
Cu-IHIGHHI-PCV,562,15.324312443625802,1.2585952579837276e-13
Cu-IHIGHHI-PCV,564,15.409301310724235,1.1204935367761926e-13
Cu-IHIGHHI-PCV,566,15.25196657116667,1.3899689217618454e-13
Cu-IHIGHHI-PCV,568,15.198709898479965,1.4956711025477475e-13
Cu-IHIGHHI-PCV,570,14.906500844788004,2.2431192027516035e-13
Cu-IHIGHHI-PCV,572,14.700662133450646,2.993998120967341e-13
Cu-IHIGHHI-PCV,574,14.565496493536573,3.624443724227442e-13
Cu-IHIGHHI-PCV,576,13.999145050589808,8.178786704133111e-13
Cu-IHIGHHI-PCV,578,14.039962189119613,7.707279088577587e-13
Cu-IHIGHHI-PCV,580,13.903779430090408,9.400135860075826e-13
Cu-IHIGHHI-PCV,582,13.147217775611061,2.901181791724953e-12
Cu-IHIGHHI-PCV,584,12.184960879955485,1.2941858935295375e-11
Cu-IHIGHHI-PCV,586,11.590628951960179,3.382958146772507e-11
Cu-IHIGHHI-PCV,588,11.241054520917462,6.037837735500196e-11
Cu-IHIGHHI-PCV,590,10.917180509049729,1.0427922866770672e-10
Cu-IHIGHHI-PCV,592,10.340886264444997,2.8245783599618245e-10
Cu-IHIGHHI-PCV,594,9.674698066942305,9.30754881288181e-10
Cu-IHIGHHI-PCV,596,8.92006250329197,3.800920926174558e-09
Cu-IHIGHHI-PCV,598,8.538327349742142,7.933905271883884e-09
Cu-IHIGHHI-PCV,600,7.582007114699311,5.411767775481353e-08
Cu-IHIGHHI-PCV,602,7.604554596020906,5.1654603182280555e-08
Cu-IHIGHHI-PCV,604,7.073007672036664,1.5765117492023685e-07
Cu-IHIGHHI-PCV,606,7.208232346054297,1.1827193163076338e-07
Cu-IHIGHHI-PCV,608,6.80515044664043,2.8061204841949676e-07
Cu-IHIGHHI-PCV,610,6.4488957890166905,6.135136871073431e-07
Cu-IHIGHHI-PCV,612,6.218225992614113,1.0278730912353636e-06
Cu-IHIGHHI-PCV,614,6.033135440172874,1.5637762408010862e-06
Cu-IHIGHHI-PCV,616,5.369854458324057,7.331096663890127e-06
Cu-IHIGHHI-PCV,618,5.66523471386051,3.654745319072004e-06
Cu-IHIGHHI-PCV,620,5.0079857942145125,1.750888525829156e-05
Cu-IHIGHHI-PCV,622,5.0711186959037935,1.5020400942582532e-05
Cu-IHIGHHI-PCV,624,5.058928320618427,1.547094019150262e-05
Cu-IHIGHHI-PCV,626,5.201645365582973,1.0961180321736808e-05
Cu-IHIGHHI-PCV,628,4.705513746209467,3.6797637030043035e-05
Cu-IHIGHHI-PCV,630,4.800289348999954,2.911472565982325e-05
Cu-IHIGHHI-PCV,632,4.288555230324895,0.00010472959487341201
Cu-IHIGHHI-PCV,634,4.0788883593240195,0.00017887839580958394
Cu-IHIGHHI-PCV,636,4.314998700862788,9.793487547170876e-05
Cu-IHIGHHI-PCV,638,3.997651359558177,0.00022046516278057928
Cu-IHIGHHI-PCV,640,3.99744567627494,0.00022058212207872794
Cu-IHIGHHI-PCV,642,3.8641987210385897,0.0003113829483113003
Cu-IHIGHHI-PCV,644,3.866442550603716,0.0003095745628570574
Cu-IHIGHHI-PCV,646,3.6151871788191055,0.0005966088802876442
Cu-IHIGHHI-PCV,648,3.778446211322922,0.00038920063615189237
Cu-IHIGHHI-PCV,650,3.561489569839401,0.0006870704675937537
Cu-IHIGHHI-PCV,652,3.4748556239143804,0.0008633919046686482
Cu-IHIGHHI-PCV,654,3.441011677971042,0.0009441838080316978
Cu-IHIGHHI-PCV,656,3.711827612975149,0.000463135352301631
Cu-IHIGHHI-PCV,658,3.2308939479828536,0.0016493468817209852
Cu-IHIGHHI-PCV,660,3.451978439003177,0.0009171967805492063
Cu-IHIGHHI-PCV,662,3.4893425853837488,0.0008309874498736823
Cu-IHIGHHI-PCV,664,3.603017213908463,0.0006159890230771572
Cu-IHIGHHI-PCV,666,3.7869663895256607,0.00038065370581165164
Cu-IHIGHHI-PCV,668,3.634861286442249,0.0005665801689913663
Cu-IHIGHHI-PCV,670,3.8998897407295177,0.0002838520786863261
Cu-IHIGHHI-PCV,672,3.3212777595449063,0.0012968494867372853
Cu-IHIGHHI-PCV,674,3.6996687391648027,0.0004781004511005833
Cu-IHIGHHI-PCV,676,3.203434286484698,0.001774578947604301
Cu-IHIGHHI-PCV,678,3.0322090601850307,0.002804242726687105
Cu-IHIGHHI-PCV,680,3.4892654076929084,0.0008311567691346877
Cu-IHIGHHI-PCV,682,3.000354265470551,0.0030540324299285593
Cu-IHIGHHI-PCV,684,3.312787285706094,0.0013264340292957534
Cu-IHIGHHI-PCV,686,3.2403938377568844,0.0016081347838009295
Cu-IHIGHHI-PCV,688,2.5931499856964173,0.00911562732515934
Cu-IHIGHHI-PCV,690,3.2852821328734425,0.0014270509600103436
Cu-IHIGHHI-PCV,692,2.194093924088445,0.026486123020044435
Cu-IHIGHHI-PCV,694,2.9474893166818315,0.003519031559619337
Cu-IHIGHHI-PCV,696,2.9723342495312,0.003292224973963166
Cu-IHIGHHI-PCV,698,2.795718770628503,0.005289140641261142
Cu-IHIGHHI-PCV,700,2.590539145358736,0.00917977665763277
Cu-IHIGHHI-PCV,702,2.9882911161765553,0.00315437487320825
Cu-IHIGHHI-PCV,704,2.918651991965815,0.003802077053891257
Cu-IHIGHHI-PCV,706,2.636231154114544,0.00811936418660775
Cu-IHIGHHI-PCV,708,3.02646560230751,0.0028477078319928944
Cu-IHIGHHI-PCV,710,2.637579272483226,0.008090006236856432
Cu-IHIGHHI-PCV,712,2.724147254420932,0.006410817875004311
Cu-IHIGHHI-PCV,714,2.735979895994704,0.006210158503238917
Cu-IHIGHHI-PCV,716,2.0279702226728253,0.04103553689829445
Cu-IHIGHHI-PCV,718,3.0416964775539803,0.0027339036641584047
Cu-IHIGHHI-PCV,720,2.4625524451688463,0.012941590507113368
Cu-IHIGHHI-PCV,722,2.339188042248209,0.018002400154143235
Cu-IHIGHHI-PCV,724,2.57818761975282,0.009489406585482352
Cu-IHIGHHI-PCV,726,2.819428909373753,0.004962733341563784
Cu-IHIGHHI-PCV,728,2.1157003984102154,0.032586844075631595
Cu-IHIGHHI-PCV,730,2.6279890744176444,0.008301177287481613
Cu-IHIGHHI-PCV,732,2.188930494984662,0.026851098860725103
Cu-IHIGHHI-PCV,734,2.3182701302439384,0.019035999082180365
Cu-IHIGHHI-PCV,736,2.6945929008120197,0.00694079117012398
Cu-IHIGHHI-PCV,738,2.2126210384527405,0.02521601996320709
Cu-IHIGHHI-PCV,740,2.1854453961929163,0.02710021458264121
Cu-IHIGHHI-PCV,742,2.6975310318602777,0.006886200106607365
Cu-IHIGHHI-PCV,744,2.4230992945457923,0.014384267756638128
Cu-IHIGHHI-PCV,746,2.723994567621148,0.006413449106812931
Cu-IHIGHHI-PCV,748,2.3523046543499104,0.017382700746998124
Cu-IHIGHHI-PCV,750,2.7673050524399683,0.005708772925853798
Cu-IHIGHHI-PCV,752,2.6093008157581363,0.008728605154509041
Cu-IHIGHHI-PCV,754,2.224424546266931,0.02443812280446461
Cu-IHIGHHI-PCV,756,2.343136227089587,0.017813610419298236
Cu-IHIGHHI-PCV,758,2.706598547810454,0.006720415526311854
Cu-IHIGHHI-PCV,760,2.140352933874893,0.030534036674315188
Cu-IHIGHHI-PCV,762,2.378085073307911,0.016225381070801553
Cu-IHIGHHI-PCV,764,1.967796802958441,0.04801443679412442
Cu-IHIGHHI-PCV,766,2.3393034629755274,0.017996853221408055
Cu-IHIGHHI-PCV,768,2.5232184918048794,0.010998352371498193
Cu-IHIGHHI-PCV,770,1.9333238857790667,0.05251188076325844
Cu-IHIGHHI-PCV,772,2.1078773894445617,0.033265861089168715
Cu-IHIGHHI-PCV,774,1.9303769669151944,0.05291450711076906
Cu-IHIGHHI-PCV,776,2.6130799638281577,0.008640436067254037
Cu-IHIGHHI-PCV,778,1.6970199018655485,0.09594726070552659
Cu-IHIGHHI-PCV,780,2.1223035946746736,0.03202420190409847
Cu-IHIGHHI-PCV,782,2.0510337150994955,0.0386288674394996
Cu-IHIGHHI-PCV,784,2.6580206945943248,0.007657616670483239
Cu-IHIGHHI-PCV,786,1.938714962582473,0.05178288474902354
Cu-IHIGHHI-PCV,788,2.464899716717308,0.012860427141870488
Cu-IHIGHHI-PCV,790,2.0110201648663213,0.04289584484142061
Cu-IHIGHHI-PCV,792,2.0692668109692796,0.036823373805133966
Cu-IHIGHHI-PCV,794,1.8104562646622304,0.07203152012702538
Cu-IHIGHHI-PCV,796,2.5757322379282956,0.009552186598177852
Cu-IHIGHHI-PCV,798,2.305722503104949,0.01968381095069749
Cu-IHIGHHI-PCV,800,1.8407474550271938,0.06666414505497031
Cu-WEEHEE-PCV,350,12.879436865758668,4.36692669326132e-12
Cu-WEEHEE-PCV,352,12.395062437077183,9.2790973030597e-12
Cu-WEEHEE-PCV,354,12.594023657228107,6.793416527775548e-12
Cu-WEEHEE-PCV,356,11.342100132313128,5.10129025603554e-11
Cu-WEEHEE-PCV,358,10.933892513063642,1.0135625064869036e-10
Cu-WEEHEE-PCV,360,10.941566218212927,1.0004254754967881e-10
Cu-WEEHEE-PCV,362,11.396667834670472,4.659211104411659e-11
Cu-WEEHEE-PCV,364,10.699158673378484,1.5146423777651285e-10
Cu-WEEHEE-PCV,366,11.040724870772925,8.456352764574924e-11
Cu-WEEHEE-PCV,368,10.769153188836306,1.342934770125971e-10
Cu-WEEHEE-PCV,370,10.536772490937098,2.005931697603705e-10
Cu-WEEHEE-PCV,372,9.908271062185424,6.095866522282675e-10
Cu-WEEHEE-PCV,374,10.006767140476123,5.108066737959819e-10
Cu-WEEHEE-PCV,376,9.784127357784472,7.62816495139822e-10
Cu-WEEHEE-PCV,378,9.018781629277978,3.1507322529661384e-09
Cu-WEEHEE-PCV,380,9.090453612229343,2.7514003799176855e-09
Cu-WEEHEE-PCV,382,9.23712023209302,2.0887130274795393e-09
Cu-WEEHEE-PCV,384,8.54178382232685,7.880618720054786e-09
Cu-WEEHEE-PCV,386,7.646550131433148,4.737019437377014e-08
Cu-WEEHEE-PCV,388,7.740957590531011,3.902359453261584e-08
Cu-WEEHEE-PCV,390,7.189965138463495,1.229364607927114e-07
Cu-WEEHEE-PCV,392,6.892952526696533,2.3203588931182435e-07
Cu-WEEHEE-PCV,394,6.687574052862993,3.625554395635134e-07
Cu-WEEHEE-PCV,396,6.447832944696521,6.14963510950055e-07
Cu-WEEHEE-PCV,398,6.252659398839491,9.512057575446724e-07
Cu-WEEHEE-PCV,400,6.066275061952022,1.4500655181218285e-06
Cu-WEEHEE-PCV,402,5.542425950692751,4.873730979561602e-06
Cu-WEEHEE-PCV,404,5.4472944605686955,6.100489751599011e-06
Cu-WEEHEE-PCV,406,5.141503847501055,1.2669591813144311e-05
Cu-WEEHEE-PCV,408,5.046678177921195,1.5937660217031632e-05
Cu-WEEHEE-PCV,410,4.869530871208984,2.45569146878769e-05
Cu-WEEHEE-PCV,412,4.7132260008425995,3.610122994913576e-05
Cu-WEEHEE-PCV,414,4.660288075531515,4.116773608438704e-05
Cu-WEEHEE-PCV,416,4.624041085492737,4.505187678982482e-05
Cu-WEEHEE-PCV,418,4.656775076017111,4.152868984337411e-05
Cu-WEEHEE-PCV,420,4.360993144443935,8.717048085517647e-05
Cu-WEEHEE-PCV,422,4.218989153317825,0.0001250009050339898
Cu-WEEHEE-PCV,424,4.391739647114023,8.065640725766567e-05
Cu-WEEHEE-PCV,426,4.1201858202927015,0.00016090023883958703
Cu-WEEHEE-PCV,428,4.263403421721751,0.00011163962085910015
Cu-WEEHEE-PCV,430,4.280527753454582,0.00010688618703339716
Cu-WEEHEE-PCV,432,4.392776573244422,8.044560752570506e-05
Cu-WEEHEE-PCV,434,4.0873058830863735,0.00017505456236502207
Cu-WEEHEE-PCV,436,3.9098751652789283,0.00027660314908410736
Cu-WEEHEE-PCV,438,4.113766682283473,0.00016356874640175453
Cu-WEEHEE-PCV,440,3.963136964138318,0.00024100464509054602
Cu-WEEHEE-PCV,442,3.9399122690808683,0.00025591464272764546
Cu-WEEHEE-PCV,444,3.8476785402886367,0.00032503283663313625
Cu-WEEHEE-PCV,446,3.9563021450750195,0.0002452981703270178
Cu-WEEHEE-PCV,448,3.982483236506987,0.00022926234532610597
Cu-WEEHEE-PCV,450,3.768971928894955,0.0003989343880084176
Cu-WEEHEE-PCV,452,3.8100976574087135,0.00035840070768051107
Cu-WEEHEE-PCV,454,3.960647847951704,0.00024255932545249627
Cu-WEEHEE-PCV,456,3.774507116634596,0.0003932179008383166
Cu-WEEHEE-PCV,458,3.7462922226735853,0.0004232544987091003
Cu-WEEHEE-PCV,460,3.93009621194866,0.0002624961090953578
Cu-WEEHEE-PCV,462,4.019345959849642,0.0002084772757000373
Cu-WEEHEE-PCV,464,3.9213443136129507,0.0002685095165745673
Cu-WEEHEE-PCV,466,4.035107416884354,0.00020018666584659684
Cu-WEEHEE-PCV,468,3.984620130685219,0.00022800164482149793
Cu-WEEHEE-PCV,470,4.0600064006101,0.0001877690555858611
Cu-WEEHEE-PCV,472,4.074141569396251,0.00018107220645696256
Cu-WEEHEE-PCV,474,4.096843859801344,0.00017082242054839222
Cu-WEEHEE-PCV,476,4.210987012392465,0.0001275766963298409
Cu-WEEHEE-PCV,478,4.462485038828145,6.749190883324128e-05
Cu-WEEHEE-PCV,480,4.379343602340826,8.32206147887464e-05
Cu-WEEHEE-PCV,482,4.599106152993344,4.793996110675428e-05
Cu-WEEHEE-PCV,484,4.886891657321709,2.353335991944845e-05
Cu-WEEHEE-PCV,486,4.9626271399817306,1.9554722817018868e-05
Cu-WEEHEE-PCV,488,5.022708168229737,1.689311682553448e-05
Cu-WEEHEE-PCV,490,5.48310357989296,5.605237096211813e-06
Cu-WEEHEE-PCV,492,5.353048407549529,7.630263851299531e-06
Cu-WEEHEE-PCV,494,5.716177008854602,3.245559103900436e-06
Cu-WEEHEE-PCV,496,6.281949215496681,8.906283164678398e-07
Cu-WEEHEE-PCV,498,6.248041910983634,9.61135502697117e-07
Cu-WEEHEE-PCV,500,6.6673009202930755,3.7900424205595873e-07
Cu-WEEHEE-PCV,502,7.129963972223533,1.3963540175343387e-07
Cu-WEEHEE-PCV,504,7.15106378556281,1.3351186742417243e-07
Cu-WEEHEE-PCV,506,7.526119204452352,6.075830533591776e-08
Cu-WEEHEE-PCV,508,8.131780054880519,1.770196248063097e-08
Cu-WEEHEE-PCV,510,8.335108780036302,1.1820449140453644e-08
Cu-WEEHEE-PCV,512,8.288031569936235,1.2973264493092588e-08
Cu-WEEHEE-PCV,514,9.0878051476078,2.7651858446526657e-09
Cu-WEEHEE-PCV,516,9.433997413277423,1.4482224459589114e-09
Cu-WEEHEE-PCV,518,9.632948291532465,1.0044946237737245e-09
Cu-WEEHEE-PCV,520,10.070608123509396,4.5574239312998295e-10
Cu-WEEHEE-PCV,522,10.976780043937028,9.423563402877192e-11
Cu-WEEHEE-PCV,524,10.588865480644197,1.832560391365639e-10
Cu-WEEHEE-PCV,526,10.648192639023602,1.653809485200949e-10
Cu-WEEHEE-PCV,528,10.563645681805236,1.9144769776095537e-10
Cu-WEEHEE-PCV,530,11.849209428722025,2.218992053754913e-11
Cu-WEEHEE-PCV,532,12.094040329686269,1.49625961500252e-11
Cu-WEEHEE-PCV,534,11.78233422914109,2.473338848338355e-11
Cu-WEEHEE-PCV,536,11.791652371887297,2.4361675463932862e-11
Cu-WEEHEE-PCV,538,12.20318794469376,1.2571876888480957e-11
Cu-WEEHEE-PCV,540,11.173732854406394,6.75882998328535e-11
Cu-WEEHEE-PCV,542,11.668856521686987,2.975979935150974e-11
Cu-WEEHEE-PCV,544,12.124203487401907,1.4258390993822456e-11
Cu-WEEHEE-PCV,546,11.969230542626539,1.8280350335626788e-11
Cu-WEEHEE-PCV,548,12.304592283954337,1.0703709372491462e-11
Cu-WEEHEE-PCV,550,12.16231675621727,1.3417208482093171e-11
Cu-WEEHEE-PCV,552,11.778498468249154,2.488809821382844e-11
Cu-WEEHEE-PCV,554,11.99946050919806,1.7412712509416165e-11
Cu-WEEHEE-PCV,556,11.525976427517428,3.76249852304838e-11
Cu-WEEHEE-PCV,558,11.984839796760042,1.7826909790072923e-11
Cu-WEEHEE-PCV,560,11.097960170448042,7.677559901109918e-11
Cu-WEEHEE-PCV,562,11.178725066116654,6.702435137632478e-11
Cu-WEEHEE-PCV,564,11.44116053778111,4.328102463086896e-11
Cu-WEEHEE-PCV,566,11.638607034803549,3.127003725735224e-11
Cu-WEEHEE-PCV,568,11.577172171948831,3.4585616929809353e-11
Cu-WEEHEE-PCV,570,11.52191599715246,3.7877547922600616e-11
Cu-WEEHEE-PCV,572,10.958943519086842,9.713217238564655e-11
Cu-WEEHEE-PCV,574,11.082908338396862,7.874905822890038e-11
Cu-WEEHEE-PCV,576,10.749565510533658,1.3888590967855656e-10
Cu-WEEHEE-PCV,578,11.165857257023406,6.848794713382189e-11
Cu-WEEHEE-PCV,580,10.882275747140602,1.106681082874609e-10
Cu-WEEHEE-PCV,582,9.993036401867883,5.235211156488105e-10
Cu-WEEHEE-PCV,584,9.911704832051974,6.058311142037789e-10
Cu-WEEHEE-PCV,586,9.592970324805819,1.0807596428193104e-09
Cu-WEEHEE-PCV,588,9.438009229698695,1.4375179173355595e-09
Cu-WEEHEE-PCV,590,8.992420316045607,3.312243280960405e-09
Cu-WEEHEE-PCV,592,8.720366190041265,5.5740605510962445e-09
Cu-WEEHEE-PCV,594,8.341344619061077,1.1675869187069057e-08
Cu-WEEHEE-PCV,596,7.755184658491334,3.7903945380599034e-08
Cu-WEEHEE-PCV,598,7.624021681535085,4.962099963706755e-08
Cu-WEEHEE-PCV,600,7.659975137346107,4.6079181095003295e-08
Cu-WEEHEE-PCV,602,6.740875295708018,3.22722981798741e-07
Cu-WEEHEE-PCV,604,6.597710308591626,4.415496702226335e-07
Cu-WEEHEE-PCV,606,6.638378304166944,4.038109910420493e-07
Cu-WEEHEE-PCV,608,6.405232785716224,6.760730585660614e-07
Cu-WEEHEE-PCV,610,5.833696234495768,2.47151796004335e-06
Cu-WEEHEE-PCV,612,5.662091573541714,3.681665387025538e-06
Cu-WEEHEE-PCV,614,5.341219632455564,7.848320050027542e-06
Cu-WEEHEE-PCV,616,5.429942880737736,6.356413802083876e-06
Cu-WEEHEE-PCV,618,5.031991262146572,1.6516305228799984e-05
Cu-WEEHEE-PCV,620,4.852377563837525,2.5613084238788698e-05
Cu-WEEHEE-PCV,622,5.166248845494134,1.193581138688449e-05
Cu-WEEHEE-PCV,624,4.70008908791322,3.72957062419307e-05
Cu-WEEHEE-PCV,626,4.265691244347018,0.00011099225935635094
Cu-WEEHEE-PCV,628,4.252016177765159,0.00011491961374224083
Cu-WEEHEE-PCV,630,3.915399484384754,0.00027267411743792206
Cu-WEEHEE-PCV,632,3.7551520385332093,0.0004135791182626823
Cu-WEEHEE-PCV,634,3.9342086861316776,0.00025971802715360427
Cu-WEEHEE-PCV,636,3.7733433136949874,0.0003944128592455128
Cu-WEEHEE-PCV,638,3.4674184178238336,0.0008805227231755285
Cu-WEEHEE-PCV,640,3.5099327133601936,0.0007870428453988302
Cu-WEEHEE-PCV,642,3.605218035027338,0.0006124375062710769
Cu-WEEHEE-PCV,644,3.5354852518666737,0.000735771038821
Cu-WEEHEE-PCV,646,3.3826561991244932,0.0011019413846576082
Cu-WEEHEE-PCV,648,3.1292743588213026,0.0021630022567674426
Cu-WEEHEE-PCV,650,2.904544607107661,0.00394877506860604
Cu-WEEHEE-PCV,652,2.9826413343049407,0.0032025054893359915
Cu-WEEHEE-PCV,654,3.087179370654337,0.0024206162770712583
Cu-WEEHEE-PCV,656,2.6826372722630096,0.007167426332990502
Cu-WEEHEE-PCV,658,2.576714383599694,0.009527025302591956
Cu-WEEHEE-PCV,660,2.800377124571193,0.005223354929538633
Cu-WEEHEE-PCV,662,2.620813911096064,0.008462758093915135
Cu-WEEHEE-PCV,664,2.531788915002242,0.010748276095055168
Cu-WEEHEE-PCV,666,2.191474462777369,0.02667066916870718
Cu-WEEHEE-PCV,668,2.4498175363794545,0.013390864230306731
Cu-WEEHEE-PCV,670,2.028908096961028,0.04093490737780758
Cu-WEEHEE-PCV,672,2.305874839821726,0.019675817486611617
Cu-WEEHEE-PCV,674,2.012278482936598,0.04275499410114229
Cu-WEEHEE-PCV,676,2.0684793959683643,0.03689962991334072
Cu-WEEHEE-PCV,678,2.0851204766667597,0.03532012545538367
Cu-WEEHEE-PCV,680,1.9411386400249613,0.0514583109689438
Cu-WEEHEE-PCV,682,1.7013621390299967,0.0949099838305722
Cu-WEEHEE-PCV,684,1.728556072799206,0.08864644766288643
Cu-WEEHEE-PCV,686,1.512576247846312,0.15084163639684844
Cu-WEEHEE-PCV,688,1.6944328513326623,0.09657022739001694
Cu-WEEHEE-PCV,690,1.5027089807776306,0.15444808900340543
Cu-WEEHEE-PCV,692,1.772120992155472,0.07940796579475663
Cu-WEEHEE-PCV,694,1.3327077413987807,0.22941459863035096
Cu-WEEHEE-PCV,696,1.3128969036546476,0.2398624833830735
Cu-WEEHEE-PCV,698,1.3334748566301877,0.2290176547548421
Cu-WEEHEE-PCV,700,1.3526764133583016,0.219264668910276
Cu-WEEHEE-PCV,702,1.215155292243535,0.29711844018305833
Cu-WEEHEE-PCV,704,1.2780902761393536,0.25915037329974344
Cu-WEEHEE-PCV,706,1.4050375014555732,0.19441354502329822
Cu-WEEHEE-PCV,708,1.269469922783679,0.26411357763835125
Cu-WEEHEE-PCV,710,1.35492723559846,0.21814428221427154
Cu-WEEHEE-PCV,712,1.2649770848585886,0.2667299676153544
Cu-WEEHEE-PCV,714,1.4386875548762894,0.17973890497450604
Cu-WEEHEE-PCV,716,1.4127519504279908,0.190961836129938
Cu-WEEHEE-PCV,718,1.5003986935535405,0.15530340076207508
Cu-WEEHEE-PCV,720,1.2445057004001765,0.2789099255267894
Cu-WEEHEE-PCV,722,1.1556441153153383,0.33676084051842975
Cu-WEEHEE-PCV,724,1.2175068663063702,0.2956269933760958
Cu-WEEHEE-PCV,726,1.2589320684102887,0.2702824063405574
Cu-WEEHEE-PCV,728,1.2647876584817477,0.26684072652213403
Cu-WEEHEE-PCV,730,1.12956443464918,0.3552827471833976
Cu-WEEHEE-PCV,732,1.3300368593985012,0.23080105668137285
Cu-WEEHEE-PCV,734,1.3052303617772962,0.24400817246324444
Cu-WEEHEE-PCV,736,1.2224106499342868,0.2925351410220209
Cu-WEEHEE-PCV,738,1.1937791810822609,0.31093715801614724
Cu-WEEHEE-PCV,740,1.3242695288214321,0.23381832034004713
Cu-WEEHEE-PCV,742,1.1367512902175656,0.3501091094413894
Cu-WEEHEE-PCV,744,1.3053517442360756,0.2439420858908817
Cu-WEEHEE-PCV,746,1.5434221988539794,0.1400439126866427
Cu-WEEHEE-PCV,748,1.112448643238307,0.36781544293767704
Cu-WEEHEE-PCV,750,1.3032852560712826,0.24506915863546377
Cu-WEEHEE-PCV,752,1.2589005608797936,0.27030101897194714
Cu-WEEHEE-PCV,754,1.272422872211679,0.26240500315470805
Cu-WEEHEE-PCV,756,1.227183747333735,0.289549406845039
Cu-WEEHEE-PCV,758,1.3343520027607936,0.22856446711035097
Cu-WEEHEE-PCV,760,1.2305376937094372,0.28746537990269233
Cu-WEEHEE-PCV,762,1.3035585650482628,0.24491985366315258
Cu-WEEHEE-PCV,764,1.242948170274375,0.27985404858760926
Cu-WEEHEE-PCV,766,1.3729591113953838,0.20933954232048588
Cu-WEEHEE-PCV,768,1.279615396634556,0.25828003526326737
Cu-WEEHEE-PCV,770,1.491763270286761,0.158537435386726
Cu-WEEHEE-PCV,772,1.1776995027182109,0.3216427296401932
Cu-WEEHEE-PCV,774,1.2361029842012876,0.2840327207598554
Cu-WEEHEE-PCV,776,1.1669223200038303,0.3289674027083836
Cu-WEEHEE-PCV,778,1.192483295944419,0.31179004483864176
Cu-WEEHEE-PCV,780,1.2389655525599932,0.2822794328246234
Cu-WEEHEE-PCV,782,1.167003627132759,0.3289116939815238
Cu-WEEHEE-PCV,784,1.2760538848395937,0.26031610816447415
Cu-WEEHEE-PCV,786,1.249687075717483,0.275786929644257
Cu-WEEHEE-PCV,788,1.2077138396185272,0.30187556559828077
Cu-WEEHEE-PCV,790,1.119288705920729,0.3627713301474057
Cu-WEEHEE-PCV,792,1.27695396208547,0.2598003454731729
Cu-WEEHEE-PCV,794,1.1555722116988842,0.3368109473940471
Cu-WEEHEE-PCV,796,1.171371161759441,0.3259292371883892
Cu-WEEHEE-PCV,798,1.1998922048170881,0.30693724608968065
Cu-WEEHEE-PCV,800,1.2871174245634045,0.25403268782727223
Cu-WAHEDEFF-PCV,350,6.4523864435605685,6.087767817684799e-07
Cu-WAHEDEFF-PCV,352,5.887322250402958,2.1840549007889496e-06
Cu-WAHEDEFF-PCV,354,5.040657067785332,1.6172327578593148e-05
Cu-WAHEDEFF-PCV,356,5.20721849611242,1.0815335836760305e-05
Cu-WAHEDEFF-PCV,358,5.03366795587338,1.6449170586621422e-05
Cu-WAHEDEFF-PCV,360,4.725051070953302,3.5059550805100306e-05
Cu-WAHEDEFF-PCV,362,4.421408109290497,7.484225746441798e-05
Cu-WAHEDEFF-PCV,364,4.67129583766683,4.005737439265031e-05
Cu-WAHEDEFF-PCV,366,4.357649153766798,8.791065682641737e-05
Cu-WAHEDEFF-PCV,368,4.051082168731154,0.00019212675493992493
Cu-WAHEDEFF-PCV,370,4.139156902982129,0.00015327056842293673
Cu-WAHEDEFF-PCV,372,4.098071057778881,0.00017028552968140553
Cu-WAHEDEFF-PCV,374,3.918220428518789,0.0002706897813278421
Cu-WAHEDEFF-PCV,376,3.649619463023749,0.0005450669265749639
Cu-WAHEDEFF-PCV,378,3.7462629927647146,0.0004232867977151244
Cu-WAHEDEFF-PCV,380,3.6980127152921938,0.00048017640590902245
Cu-WAHEDEFF-PCV,382,3.482347418104334,0.0008464772062841899
Cu-WAHEDEFF-PCV,384,3.6022469157796264,0.000617237010691728
Cu-WAHEDEFF-PCV,386,3.376829897014119,0.0011190924865554924
Cu-WAHEDEFF-PCV,388,3.289013858841778,0.0014129592270240572
Cu-WAHEDEFF-PCV,390,3.1888221897740023,0.0018450946915441425
Cu-WAHEDEFF-PCV,392,3.281531396025112,0.0014413578560255652
Cu-WAHEDEFF-PCV,394,3.4689619892591366,0.0008769391261286117
Cu-WAHEDEFF-PCV,396,3.293866495415845,0.00139484516890882
Cu-WAHEDEFF-PCV,398,3.2596530534459633,0.0015277529672557727
Cu-WAHEDEFF-PCV,400,3.5245551786769447,0.0007572740107243373
Cu-WAHEDEFF-PCV,402,3.3970114059082457,0.001060811524467807
Cu-WAHEDEFF-PCV,404,3.4853492147379104,0.0008397945924237657
Cu-WAHEDEFF-PCV,406,3.4544658186221553,0.0009111854990958398
Cu-WAHEDEFF-PCV,408,3.615711664524682,0.0005957877293086857
Cu-WAHEDEFF-PCV,410,3.7243909191583553,0.00044817268706314205
Cu-WAHEDEFF-PCV,412,3.6744800945382554,0.0005106873265607137
Cu-WAHEDEFF-PCV,414,3.7550007695148664,0.00041374240828026575
Cu-WAHEDEFF-PCV,416,3.844893535753379,0.00032739331460739676
Cu-WAHEDEFF-PCV,418,3.9229889399584583,0.0002673688777628928
Cu-WAHEDEFF-PCV,420,3.773073932213277,0.00039468997869206553
Cu-WAHEDEFF-PCV,422,4.026075499052747,0.00020489547291220521
Cu-WAHEDEFF-PCV,424,4.011952810271861,0.00021248598921248357
Cu-WAHEDEFF-PCV,426,4.020265589761095,0.00020798405823939197
Cu-WAHEDEFF-PCV,428,4.080837796516159,0.0001779853052309782
Cu-WAHEDEFF-PCV,430,4.151696975218116,0.00014843100636855824
Cu-WAHEDEFF-PCV,432,4.182204813148759,0.00013729814105127016
Cu-WAHEDEFF-PCV,434,4.162079429085478,0.00014454234638390986
Cu-WAHEDEFF-PCV,436,4.1378591709302945,0.00015378051256324126
Cu-WAHEDEFF-PCV,438,4.184325407222594,0.0001365567392173786
Cu-WAHEDEFF-PCV,440,3.996097372945814,0.00022135038719433967
Cu-WAHEDEFF-PCV,442,4.061207711486083,0.00018719020739892285
Cu-WAHEDEFF-PCV,444,4.041358680394757,0.0001969923406431785
Cu-WAHEDEFF-PCV,446,3.996661533904971,0.00022102859596615545
Cu-WAHEDEFF-PCV,448,3.980631054638074,0.00023036082524552197
Cu-WAHEDEFF-PCV,450,3.994732345801121,0.00022213096199934424
Cu-WAHEDEFF-PCV,452,3.9999603216357973,0.00021915653205426471
Cu-WAHEDEFF-PCV,454,3.8971002514290234,0.000285911505022066
Cu-WAHEDEFF-PCV,456,3.842241588221782,0.00032965725003163647
Cu-WAHEDEFF-PCV,458,3.9693303221427874,0.00023718027181267925
Cu-WAHEDEFF-PCV,460,3.907961824767408,0.0002779773784780257
Cu-WAHEDEFF-PCV,462,3.834329334091391,0.00033650707946287513
Cu-WAHEDEFF-PCV,464,3.930776763561273,0.00026203429574925583
Cu-WAHEDEFF-PCV,466,3.758382661286045,0.0004101073829120095
Cu-WAHEDEFF-PCV,468,3.685071869455837,0.0004967178466968113
Cu-WAHEDEFF-PCV,470,3.6472228721778386,0.0005485031489095805
Cu-WAHEDEFF-PCV,472,3.6772519415299127,0.0005069933821421719
Cu-WAHEDEFF-PCV,474,3.4804443943572383,0.0008507416563427682
Cu-WAHEDEFF-PCV,476,3.5898443845229235,0.0006376883276764827
Cu-WAHEDEFF-PCV,478,3.6745213244606703,0.0005106321807900776
Cu-WAHEDEFF-PCV,480,3.4205773708826017,0.0009966369199215113
Cu-WAHEDEFF-PCV,482,3.332530698593759,0.0012586662885050882
Cu-WAHEDEFF-PCV,484,3.4343700616303954,0.0009609177751462378
Cu-WAHEDEFF-PCV,486,3.326867498920105,0.0012777380457654351
Cu-WAHEDEFF-PCV,488,3.275771435888838,0.0014636120088926015
Cu-WAHEDEFF-PCV,490,3.306655436082309,0.0013482243407519413
Cu-WAHEDEFF-PCV,492,3.3127960169135506,0.001326403257466788
Cu-WAHEDEFF-PCV,494,3.09354951473445,0.0023797286937715665
Cu-WAHEDEFF-PCV,496,3.2911574191811095,0.0014049285023953913
Cu-WAHEDEFF-PCV,498,3.2795662012373925,0.001448911816924046
Cu-WAHEDEFF-PCV,500,3.3936126220695457,0.001070406742837691
Cu-WAHEDEFF-PCV,502,3.447548653459525,0.0009280021184762783
Cu-WAHEDEFF-PCV,504,3.5116749635217013,0.0007834344565265646
Cu-WAHEDEFF-PCV,506,3.6119861849445085,0.0006016454518615986
Cu-WAHEDEFF-PCV,508,3.6831813960299806,0.0004991823855215909
Cu-WAHEDEFF-PCV,510,3.9324981149494245,0.0002608699028452023
Cu-WAHEDEFF-PCV,512,3.917527402993755,0.0002711759080894878
Cu-WAHEDEFF-PCV,514,4.113378504612277,0.0001637315575655327
Cu-WAHEDEFF-PCV,516,4.169582774219609,0.0001417969192862689
Cu-WAHEDEFF-PCV,518,4.272059169087377,0.00010921051509402073
Cu-WAHEDEFF-PCV,520,4.631431323573175,4.423059092772061e-05
Cu-WAHEDEFF-PCV,522,4.711234703229168,3.62797387722527e-05
Cu-WAHEDEFF-PCV,524,4.601339730727127,4.7673700393000605e-05
Cu-WAHEDEFF-PCV,526,4.630240191326336,4.43619194457057e-05
Cu-WAHEDEFF-PCV,528,4.817657750367441,2.7895674882913334e-05
Cu-WAHEDEFF-PCV,530,5.0229389071521116,1.688364484021961e-05
Cu-WAHEDEFF-PCV,532,5.146421687560472,1.2520161740396833e-05
Cu-WAHEDEFF-PCV,534,5.058065010416634,1.550336774658141e-05
Cu-WAHEDEFF-PCV,536,5.110047873199254,1.3669668866508239e-05
Cu-WAHEDEFF-PCV,538,5.101349873080052,1.3960244777649449e-05
Cu-WAHEDEFF-PCV,540,4.819170644250661,2.779199532346957e-05
Cu-WAHEDEFF-PCV,542,4.993178203647936,1.815145445391248e-05
Cu-WAHEDEFF-PCV,544,5.096319160167306,1.4131191048068395e-05
Cu-WAHEDEFF-PCV,546,4.931363064215793,2.1106171691634933e-05
Cu-WAHEDEFF-PCV,548,5.250427300053046,9.750046682922281e-06
Cu-WAHEDEFF-PCV,550,5.162091013274248,1.205598938589194e-05
Cu-WAHEDEFF-PCV,552,4.7422028287629345,3.3603060643181784e-05
Cu-WAHEDEFF-PCV,554,4.843714459018879,2.616407163751538e-05
Cu-WAHEDEFF-PCV,556,4.861901021292073,2.502107972438293e-05
Cu-WAHEDEFF-PCV,558,4.816905954320174,2.7947343243086875e-05
Cu-WAHEDEFF-PCV,560,4.7788047584551805,3.069854849223719e-05
Cu-WAHEDEFF-PCV,562,4.858083402284535,2.5256691325259727e-05
Cu-WAHEDEFF-PCV,564,4.705191062539763,3.6827073048021514e-05
Cu-WAHEDEFF-PCV,566,4.4679786817057,6.656645894655833e-05
Cu-WAHEDEFF-PCV,568,4.5412302651945105,5.5396731840626155e-05
Cu-WAHEDEFF-PCV,570,4.514689246244661,5.9203616072591144e-05
Cu-WAHEDEFF-PCV,572,4.2722477966180135,0.00010915818511326296
Cu-WAHEDEFF-PCV,574,4.440874731811224,7.126192732530862e-05
Cu-WAHEDEFF-PCV,576,4.113547509773922,0.0001636606523631683
Cu-WAHEDEFF-PCV,578,4.0629470711824105,0.00018635532714225618
Cu-WAHEDEFF-PCV,580,3.964042568879494,0.0002404415364159142
Cu-WAHEDEFF-PCV,582,3.7500157110092323,0.00041916049466711485
Cu-WAHEDEFF-PCV,584,3.618444124653841,0.0005915282518781944
Cu-WAHEDEFF-PCV,586,3.5092067478867164,0.0007885513747517641
Cu-WAHEDEFF-PCV,588,3.206651219844625,0.0017594240635498846
Cu-WAHEDEFF-PCV,590,3.216043580189586,0.0017159214334046405
Cu-WAHEDEFF-PCV,592,3.020677841673805,0.0028921951261271974
Cu-WAHEDEFF-PCV,594,2.688403795343196,0.007057205393319159
Cu-WAHEDEFF-PCV,596,2.5661324959717007,0.009801629573544758
Cu-WAHEDEFF-PCV,598,2.4228678718858703,0.014393183274108061
Cu-WAHEDEFF-PCV,600,2.3449447748513195,0.017727784348586587
Cu-WAHEDEFF-PCV,602,2.1594484391733246,0.029031016040484085
Cu-WAHEDEFF-PCV,604,2.15049013988262,0.02972693135702643
Cu-WAHEDEFF-PCV,606,1.936672787971377,0.05205788739001806
Cu-WAHEDEFF-PCV,608,2.0226221281044636,0.04161393822453902
Cu-WAHEDEFF-PCV,610,1.8187619655392444,0.07052061587170959
Cu-WAHEDEFF-PCV,612,1.8719358641775552,0.061534139667682675
Cu-WAHEDEFF-PCV,614,1.7024504969273953,0.09465162627434626
Cu-WAHEDEFF-PCV,616,1.6424995088244574,0.10989114952167241
Cu-WAHEDEFF-PCV,618,1.6610887255794837,0.10494044961683142
Cu-WAHEDEFF-PCV,620,1.5620608770648052,0.13385846538058302
Cu-WAHEDEFF-PCV,622,1.6642397038677919,0.1041218356197565
Cu-WAHEDEFF-PCV,624,1.6090029233956773,0.11935370583836603
Cu-WAHEDEFF-PCV,626,1.623207943855595,0.11525383172605094
Cu-WAHEDEFF-PCV,628,1.441596393132391,0.17851630269589455
Cu-WAHEDEFF-PCV,630,1.4532969021424438,0.17367080028247825
Cu-WAHEDEFF-PCV,632,1.572918864091499,0.13036906649061408
Cu-WAHEDEFF-PCV,634,1.5755824137327052,0.12952567504978285
Cu-WAHEDEFF-PCV,636,1.5893139723174943,0.12525515971711923
Cu-WAHEDEFF-PCV,638,1.5104523288572396,0.15161157652011956
Cu-WAHEDEFF-PCV,640,1.5112536823616485,0.15132067140636551
Cu-WAHEDEFF-PCV,642,1.6419553406516216,0.11003924091727524
Cu-WAHEDEFF-PCV,644,1.5121448497173136,0.15099774183407755
Cu-WAHEDEFF-PCV,646,1.6805246191945318,0.09998382286976464
Cu-WAHEDEFF-PCV,648,1.5054899835626565,0.15342401969022967
Cu-WAHEDEFF-PCV,650,1.5669262641968265,0.1322846522817579
Cu-WAHEDEFF-PCV,652,1.56262732240196,0.13367437657138326
Cu-WAHEDEFF-PCV,654,1.698603608194882,0.09556773578462009
Cu-WAHEDEFF-PCV,656,1.6445793014858685,0.10932682650345144
Cu-WAHEDEFF-PCV,658,1.6608091937790403,0.10501335558861787
Cu-WAHEDEFF-PCV,660,1.7011258251558536,0.09496616681556629
Cu-WAHEDEFF-PCV,662,1.5762344917652198,0.12931994934429755
Cu-WAHEDEFF-PCV,664,1.6610054902143643,0.10496215375698296
Cu-WAHEDEFF-PCV,666,1.5448308823957995,0.13956765682155384
Cu-WAHEDEFF-PCV,668,1.6602200854625773,0.10516715583931469
Cu-WAHEDEFF-PCV,670,1.5466233011073545,0.13896375593875873
Cu-WAHEDEFF-PCV,672,1.6052888217419525,0.12044729117542541
Cu-WAHEDEFF-PCV,674,1.5255905234991594,0.14619896471699154
Cu-WAHEDEFF-PCV,676,1.5368040649178338,0.1423008661397548
Cu-WAHEDEFF-PCV,678,1.5681978856924883,0.13187606678317662
Cu-WAHEDEFF-PCV,680,1.5090662237547685,0.15211592331223295
Cu-WAHEDEFF-PCV,682,1.4265390215353573,0.1849232858055555
Cu-WAHEDEFF-PCV,684,1.216871916092692,0.2960291393949075
Cu-WAHEDEFF-PCV,686,1.1570376480292224,0.33579079165623366
Cu-WAHEDEFF-PCV,688,1.2137529921576473,0.29801053389233645
Cu-WAHEDEFF-PCV,690,1.1408126848780262,0.34720875026863574
Cu-WAHEDEFF-PCV,692,1.2108934997147274,0.29983591446523605
Cu-WAHEDEFF-PCV,694,1.0075174578217791,0.45090923373477215
Cu-WAHEDEFF-PCV,696,1.0499015945045658,0.4160912805693103
Cu-WAHEDEFF-PCV,698,1.0632054651834162,0.40550446015015473
Cu-WAHEDEFF-PCV,700,1.0581627426391378,0.4094975162693917
Cu-WAHEDEFF-PCV,702,1.0283304413428906,0.433608736451484
Cu-WAHEDEFF-PCV,704,0.9273737107512913,0.5208215906629328
Cu-WAHEDEFF-PCV,706,0.9953919248251268,0.46116193625766144
Cu-WAHEDEFF-PCV,708,0.8952305529823292,0.5501038491695573
Cu-WAHEDEFF-PCV,710,1.0208199578097774,0.4398074486352725
Cu-WAHEDEFF-PCV,712,1.0537929317469032,0.41297730837584085
Cu-WAHEDEFF-PCV,714,1.1725402931826046,0.32513421212393157
Cu-WAHEDEFF-PCV,716,1.0126518257573,0.44660590898100033
Cu-WAHEDEFF-PCV,718,1.1329268006875381,0.3528557026369431
Cu-WAHEDEFF-PCV,720,0.9767503323807677,0.47716255228433635
Cu-WAHEDEFF-PCV,722,0.9196868887996079,0.5277686082040993
Cu-WAHEDEFF-PCV,724,1.074764583201668,0.3964436620010208
Cu-WAHEDEFF-PCV,726,0.9613382163136993,0.49059924185137693
Cu-WAHEDEFF-PCV,728,1.0041858316150962,0.45371379778360027
Cu-WAHEDEFF-PCV,730,0.9317878528347188,0.516849272440012
Cu-WAHEDEFF-PCV,732,0.9775948684471948,0.47643159922188305
Cu-WAHEDEFF-PCV,734,0.9756188771003907,0.4781427195267549
Cu-WAHEDEFF-PCV,736,0.9380797629275466,0.511209277421307
Cu-WAHEDEFF-PCV,738,0.9755375116049466,0.47821324445245006
Cu-WAHEDEFF-PCV,740,1.0096975366027714,0.4490792238448053
Cu-WAHEDEFF-PCV,742,1.0951969227586342,0.3807464352376821
Cu-WAHEDEFF-PCV,744,0.962303856535065,0.4897520470995085
Cu-WAHEDEFF-PCV,746,1.0527686472075168,0.41379558873468986
Cu-WAHEDEFF-PCV,748,0.8984259476000984,0.5471667251906358
Cu-WAHEDEFF-PCV,750,0.9577937351011003,0.4937149153247584
Cu-WAHEDEFF-PCV,752,1.010988264843544,0.44799769833057934
Cu-WAHEDEFF-PCV,754,0.9103939303008451,0.5362153728447561
Cu-WAHEDEFF-PCV,756,0.9587273060962801,0.4928933824992848
Cu-WAHEDEFF-PCV,758,0.8844229222523855,0.5600764241743971
Cu-WAHEDEFF-PCV,760,0.9170104146357425,0.5301960720606147
Cu-WAHEDEFF-PCV,762,0.8887460066456059,0.5560804233138976
Cu-WAHEDEFF-PCV,764,1.020673890389162,0.43992850444133574
Cu-WAHEDEFF-PCV,766,0.9073893856766011,0.5389571625799319
Cu-WAHEDEFF-PCV,768,0.9930852973258564,0.46312634051471324
Cu-WAHEDEFF-PCV,770,0.9590608454025907,0.4926000276859992
Cu-WAHEDEFF-PCV,772,0.8988513125622831,0.5467761474583794
Cu-WAHEDEFF-PCV,774,0.9916477773416861,0.4643528204811329
Cu-WAHEDEFF-PCV,776,1.002728744287109,0.45494336563434334
Cu-WAHEDEFF-PCV,778,0.9285512949161724,0.5197606421053034
Cu-WAHEDEFF-PCV,780,1.091426036407378,0.38361245219502976
Cu-WAHEDEFF-PCV,782,0.9845565885054858,0.4704278494974813
Cu-WAHEDEFF-PCV,784,1.010938726538218,0.44803918067704096
Cu-WAHEDEFF-PCV,786,0.7976140780048643,0.6416846070788319
Cu-WAHEDEFF-PCV,788,0.8780818206448117,0.565953687315177
Cu-WAHEDEFF-PCV,790,1.064653792552334,0.4043621069834428
Cu-WAHEDEFF-PCV,792,0.9586427809901433,0.49296773718792664
Cu-WAHEDEFF-PCV,794,0.8777036591277034,0.5663047654688275
Cu-WAHEDEFF-PCV,796,0.9872563352536654,0.468110122893705
Cu-WAHEDEFF-PCV,798,1.0304294496199013,0.43188542290854987
Cu-WAHEDEFF-PCV,800,0.9431178146959754,0.5067124875475459
Cu-PHGGGWGQ-PCV,350,17.0710901308193,1.2562728007251187e-14
Cu-PHGGGWGQ-PCV,352,14.655502392344491,3.1909620547057024e-13
Cu-PHGGGWGQ-PCV,354,13.07849246054835,3.2205678924248527e-12
Cu-PHGGGWGQ-PCV,356,12.412465835851776,9.028303732022452e-12
Cu-PHGGGWGQ-PCV,358,12.585228605196447,6.887247720812594e-12
Cu-PHGGGWGQ-PCV,360,11.544772622492188,3.647828926845009e-11
Cu-PHGGGWGQ-PCV,362,11.059804501708673,8.18806383280636e-11
Cu-PHGGGWGQ-PCV,364,10.818803748740057,1.2334131520478203e-10
Cu-PHGGGWGQ-PCV,366,9.695967256883842,8.953583464625825e-10
Cu-PHGGGWGQ-PCV,368,9.54781591962935,1.1741233777384097e-09
Cu-PHGGGWGQ-PCV,370,9.911208615684224,6.063723508437789e-10
Cu-PHGGGWGQ-PCV,372,9.49994802554832,1.2822217965519933e-09
Cu-PHGGGWGQ-PCV,374,8.938968465415936,3.6664695523769683e-09
Cu-PHGGGWGQ-PCV,376,9.05560033259909,2.9386281153262713e-09
Cu-PHGGGWGQ-PCV,378,9.002666443740075,3.248476143220887e-09
Cu-PHGGGWGQ-PCV,380,8.613384093799771,6.855998404554467e-09
Cu-PHGGGWGQ-PCV,382,8.309250562287021,1.2439952050180272e-08
Cu-PHGGGWGQ-PCV,384,8.660248320087328,6.260644429025422e-09
Cu-PHGGGWGQ-PCV,386,8.213331841441533,1.504581614345417e-08
Cu-PHGGGWGQ-PCV,388,7.584633746478071,5.3824625527974526e-08
Cu-PHGGGWGQ-PCV,390,7.235276076294915,1.1169840194477505e-07
Cu-PHGGGWGQ-PCV,392,7.252625795818111,1.076803916378442e-07
Cu-PHGGGWGQ-PCV,394,7.86805524714659,3.011446584682484e-08
Cu-PHGGGWGQ-PCV,396,7.240608925080187,1.1044719579101539e-07
Cu-PHGGGWGQ-PCV,398,6.972196062328866,1.9563389073929537e-07
Cu-PHGGGWGQ-PCV,400,7.656979199862856,4.636410810571792e-08
Cu-PHGGGWGQ-PCV,402,6.816360293637591,2.7386796623920945e-07
Cu-PHGGGWGQ-PCV,404,6.5203152507934945,5.237218327746759e-07
Cu-PHGGGWGQ-PCV,406,6.5337346961962615,5.084200631160075e-07
Cu-PHGGGWGQ-PCV,408,6.863957422764835,2.470389398383879e-07
Cu-PHGGGWGQ-PCV,410,6.646847004777604,3.9637911289930993e-07
Cu-PHGGGWGQ-PCV,412,6.361949847383871,7.445812871963162e-07
Cu-PHGGGWGQ-PCV,414,6.784136970691823,2.9371856938473534e-07
Cu-PHGGGWGQ-PCV,416,6.670635456310697,3.762468569839641e-07
Cu-PHGGGWGQ-PCV,418,6.7326985422284436,3.285281822321117e-07
Cu-PHGGGWGQ-PCV,420,6.303593193124088,8.484238754194572e-07
Cu-PHGGGWGQ-PCV,422,6.562686249495128,4.769542888600722e-07
Cu-PHGGGWGQ-PCV,424,6.590203720858238,4.4890310787382206e-07
Cu-PHGGGWGQ-PCV,426,6.336199989252428,7.886880525190672e-07
Cu-PHGGGWGQ-PCV,428,6.546661915736782,4.941143445625607e-07
Cu-PHGGGWGQ-PCV,430,6.59702862180593,4.422123023926045e-07
Cu-PHGGGWGQ-PCV,432,6.835239471111151,2.628844732416358e-07
Cu-PHGGGWGQ-PCV,434,6.397506404367616,6.87809156543408e-07
Cu-PHGGGWGQ-PCV,436,6.131387788360077,1.2507474785327064e-06
Cu-PHGGGWGQ-PCV,438,6.338034934912532,7.854578409686195e-07
Cu-PHGGGWGQ-PCV,440,6.2034944121714615,1.062588188642474e-06
Cu-PHGGGWGQ-PCV,442,6.105945164291885,1.3250456527585727e-06
Cu-PHGGGWGQ-PCV,444,5.959378122708576,1.8509586969339131e-06
Cu-PHGGGWGQ-PCV,446,6.251237240780529,9.542527649193186e-07
Cu-PHGGGWGQ-PCV,448,6.221828053181966,1.019563655503815e-06
Cu-PHGGGWGQ-PCV,450,5.800748572728315,2.6671547756680613e-06
Cu-PHGGGWGQ-PCV,452,5.931988073883156,1.9709516666166028e-06
Cu-PHGGGWGQ-PCV,454,6.00261230776509,1.6766191575477014e-06
Cu-PHGGGWGQ-PCV,456,5.519647807519195,5.142261479519613e-06
Cu-PHGGGWGQ-PCV,458,5.6119633631124195,4.13962747407027e-06
Cu-PHGGGWGQ-PCV,460,5.938676287928077,1.940932416099342e-06
Cu-PHGGGWGQ-PCV,462,5.977568654364374,1.775440535867412e-06
Cu-PHGGGWGQ-PCV,464,5.7000385025818066,3.3698304089775363e-06
Cu-PHGGGWGQ-PCV,466,5.809018216816285,2.616602241197761e-06
Cu-PHGGGWGQ-PCV,468,5.766201115988422,2.889440799496713e-06
Cu-PHGGGWGQ-PCV,470,5.460648484104214,5.910746721927299e-06
Cu-PHGGGWGQ-PCV,472,5.433281349564756,6.306331066786946e-06
Cu-PHGGGWGQ-PCV,474,5.374303970710839,7.253924609948941e-06
Cu-PHGGGWGQ-PCV,476,5.528523230259704,5.035867337755543e-06
Cu-PHGGGWGQ-PCV,478,5.516880817476717,5.1759006279013105e-06
Cu-PHGGGWGQ-PCV,480,5.29644599886908,8.733303184066902e-06
Cu-PHGGGWGQ-PCV,482,5.410696238548145,6.6532173755081394e-06
Cu-PHGGGWGQ-PCV,484,5.587435924987199,4.384637870808931e-06
Cu-PHGGGWGQ-PCV,486,5.410075800427533,6.663018512254505e-06
Cu-PHGGGWGQ-PCV,488,5.3272434075237305,8.114227366495176e-06
Cu-PHGGGWGQ-PCV,490,5.518466407666833,5.156596571932125e-06
Cu-PHGGGWGQ-PCV,492,5.565243198526833,4.619156064937855e-06
Cu-PHGGGWGQ-PCV,494,5.72228915563635,3.1997317578788542e-06
Cu-PHGGGWGQ-PCV,496,5.767210707157953,2.8826820876162684e-06
Cu-PHGGGWGQ-PCV,498,5.675547923601992,3.5678273126748417e-06
Cu-PHGGGWGQ-PCV,500,6.035067112150053,1.5569031139236825e-06
Cu-PHGGGWGQ-PCV,502,6.106487180983563,1.323416440664708e-06
Cu-PHGGGWGQ-PCV,504,6.32387182510717,8.107476456750457e-07
Cu-PHGGGWGQ-PCV,506,6.192354011571872,1.089639733467333e-06
Cu-PHGGGWGQ-PCV,508,6.596342992772256,4.4287979876388355e-07
Cu-PHGGGWGQ-PCV,510,6.578828962650244,4.60286773338932e-07
Cu-PHGGGWGQ-PCV,512,6.763803760419552,3.0700108048886664e-07
Cu-PHGGGWGQ-PCV,514,7.146072210939699,1.3493508400574193e-07
Cu-PHGGGWGQ-PCV,516,7.075210493700963,1.56911732703856e-07
Cu-PHGGGWGQ-PCV,518,7.559482737007108,5.669919634297115e-08
Cu-PHGGGWGQ-PCV,520,7.6583940479764365,4.622932425289527e-08
Cu-PHGGGWGQ-PCV,522,7.713191182632165,4.130797688078447e-08
Cu-PHGGGWGQ-PCV,524,7.891491929057671,2.8715533259049288e-08
Cu-PHGGGWGQ-PCV,526,8.014208950128005,2.2409530466526778e-08
Cu-PHGGGWGQ-PCV,528,7.645191198204673,4.7502936207313946e-08
Cu-PHGGGWGQ-PCV,530,8.179167360650082,1.6104671199405924e-08
Cu-PHGGGWGQ-PCV,532,8.233653932048949,1.44502670045897e-08
Cu-PHGGGWGQ-PCV,534,8.225404401214341,1.4689038847511416e-08
Cu-PHGGGWGQ-PCV,536,7.911577624105722,2.756995437838717e-08
Cu-PHGGGWGQ-PCV,538,8.128931923033097,1.7803017360231078e-08
Cu-PHGGGWGQ-PCV,540,8.10425233675904,1.8703965587898588e-08
Cu-PHGGGWGQ-PCV,542,8.11650710808939,1.8250866008111885e-08
Cu-PHGGGWGQ-PCV,544,8.169350835137154,1.6422901526771334e-08
Cu-PHGGGWGQ-PCV,546,8.093937231581593,1.909432882056456e-08
Cu-PHGGGWGQ-PCV,548,8.135932733191831,1.755567897835886e-08
Cu-PHGGGWGQ-PCV,550,7.830378821995535,3.2512299703013225e-08
Cu-PHGGGWGQ-PCV,552,7.668264182167377,4.530021770215413e-08
Cu-PHGGGWGQ-PCV,554,7.817322019464033,3.3388458846588296e-08
Cu-PHGGGWGQ-PCV,556,7.5052182235639675,6.345258978318487e-08
Cu-PHGGGWGQ-PCV,558,7.355150207848589,8.67902436918103e-08
Cu-PHGGGWGQ-PCV,560,7.1786071155276865,1.2593185211422468e-07
Cu-PHGGGWGQ-PCV,562,6.950875672999562,2.048080622872558e-07
Cu-PHGGGWGQ-PCV,564,7.157842018511487,1.3160393658857199e-07
Cu-PHGGGWGQ-PCV,566,7.130385796961501,1.3951018997650946e-07
Cu-PHGGGWGQ-PCV,568,6.915970405090262,2.2079527342478803e-07
Cu-PHGGGWGQ-PCV,570,6.82242512857741,2.702890008768036e-07
Cu-PHGGGWGQ-PCV,572,6.916083718032238,2.2074134649306885e-07
Cu-PHGGGWGQ-PCV,574,6.9984156533956785,1.8492874600650768e-07
Cu-PHGGGWGQ-PCV,576,6.3187972694457315,8.200113430012774e-07
Cu-PHGGGWGQ-PCV,578,6.32118464696255,8.156396545107476e-07
Cu-PHGGGWGQ-PCV,580,6.128224286587265,1.2597474700130094e-06
Cu-PHGGGWGQ-PCV,582,5.498849695695127,5.40071627357799e-06
Cu-PHGGGWGQ-PCV,584,5.225842886958546,1.0342232203759843e-05
Cu-PHGGGWGQ-PCV,586,5.167150189114819,1.190992143228402e-05
Cu-PHGGGWGQ-PCV,588,4.993113141971865,1.8154330506220386e-05
Cu-PHGGGWGQ-PCV,590,4.759238790301412,3.2217697113140264e-05
Cu-PHGGGWGQ-PCV,592,4.494928444222035,6.221106117788717e-05
Cu-PHGGGWGQ-PCV,594,4.012093147854038,0.00021240916788682143
Cu-PHGGGWGQ-PCV,596,3.587810654176175,0.0006411070106510973
Cu-PHGGGWGQ-PCV,598,3.5853687190722296,0.0006452365006005525
Cu-PHGGGWGQ-PCV,600,3.158274490296893,0.0020018009615527703
Cu-PHGGGWGQ-PCV,602,2.7766090588576477,0.0055678152706807775
Cu-PHGGGWGQ-PCV,604,2.7540957480306854,0.005915058238013354
Cu-PHGGGWGQ-PCV,606,2.6501959776392727,0.007820335755393181
Cu-PHGGGWGQ-PCV,608,2.50645684732221,0.011504268713403555
Cu-PHGGGWGQ-PCV,610,2.220809493536765,0.024673839334499716
Cu-PHGGGWGQ-PCV,612,2.2549508898481676,0.02253368376400673
Cu-PHGGGWGQ-PCV,614,1.8775920681516174,0.060644819102522465
Cu-PHGGGWGQ-PCV,616,1.9468198900955034,0.05070510035749082
Cu-PHGGGWGQ-PCV,618,1.6497739021533093,0.10792890230292924
Cu-PHGGGWGQ-PCV,620,1.6352898580560504,0.11186805809882545
Cu-PHGGGWGQ-PCV,622,1.518971735143268,0.14854406039903809
Cu-PHGGGWGQ-PCV,624,1.4734769634892326,0.16558152179203928
Cu-PHGGGWGQ-PCV,626,1.3964299138546044,0.19832736667931183
Cu-PHGGGWGQ-PCV,628,1.2607261821331288,0.2692242159155849
Cu-PHGGGWGQ-PCV,630,1.3049312798209676,0.2441710691356278
Cu-PHGGGWGQ-PCV,632,1.2852354761086286,0.25509289740625724
Cu-PHGGGWGQ-PCV,634,1.2924857770152405,0.2510277399758135
Cu-PHGGGWGQ-PCV,636,1.2585683123000928,0.2704973513237565
Cu-PHGGGWGQ-PCV,638,1.1108314077107617,0.36901495416333724
Cu-PHGGGWGQ-PCV,640,1.1146604316790545,0.3661792184811655
Cu-PHGGGWGQ-PCV,642,1.1825972620893335,0.3183536097577745
Cu-PHGGGWGQ-PCV,644,1.2128263784807138,0.29860112334212574
Cu-PHGGGWGQ-PCV,646,1.1378152870462912,0.34934764738609636
Cu-PHGGGWGQ-PCV,648,0.9314666256647515,0.5171379198647561
Cu-PHGGGWGQ-PCV,650,1.0248691447582543,0.4364591988796828
Cu-PHGGGWGQ-PCV,652,1.0864019168207635,0.3874528502898621
Cu-PHGGGWGQ-PCV,654,1.0493128997570802,0.416563614303469
Cu-PHGGGWGQ-PCV,656,1.0013300130171505,0.45612539298937715
Cu-PHGGGWGQ-PCV,658,1.02228803434505,0.43859181140551445
Cu-PHGGGWGQ-PCV,660,1.1482080717536094,0.3419708866714004
Cu-PHGGGWGQ-PCV,662,1.0171359163278528,0.44286644406365294
Cu-PHGGGWGQ-PCV,664,1.0844330984480461,0.3889645916847602
Cu-PHGGGWGQ-PCV,666,1.076624748008063,0.39499763620082456
Cu-PHGGGWGQ-PCV,668,0.996821536794341,0.4599466606045415
Cu-PHGGGWGQ-PCV,670,0.8553892834976901,0.5871253514002852
Cu-PHGGGWGQ-PCV,672,0.941457203203505,0.5081927694881787
Cu-PHGGGWGQ-PCV,674,0.9717849813583177,0.4814714525397784
Cu-PHGGGWGQ-PCV,676,1.027558465179245,0.4342435418728243
Cu-PHGGGWGQ-PCV,678,1.08451665048665,0.38890035940063766
Cu-PHGGGWGQ-PCV,680,0.9288035685428534,0.5195334712934461
Cu-PHGGGWGQ-PCV,682,0.8619217899192627,0.5810101755990038
Cu-PHGGGWGQ-PCV,684,0.701293744896455,0.7322694409273826
Cu-PHGGGWGQ-PCV,686,0.7462075568351983,0.6903487680796141
Cu-PHGGGWGQ-PCV,688,0.7275129817939086,0.7079034581732699
Cu-PHGGGWGQ-PCV,690,0.8825255060464816,0.5618330997857839
Cu-PHGGGWGQ-PCV,692,0.9636197399674565,0.4885986973974442
Cu-PHGGGWGQ-PCV,694,0.8954082953002677,0.5499403326302068
Cu-PHGGGWGQ-PCV,696,0.7125503874916865,0.7218514415946489
Cu-PHGGGWGQ-PCV,698,0.7853590652723165,0.653308520214342
Cu-PHGGGWGQ-PCV,700,0.785440537930729,0.6532312500650483
Cu-PHGGGWGQ-PCV,702,0.8339403386948198,0.6072994310049081
Cu-PHGGGWGQ-PCV,704,0.8130135170951506,0.6270867540518138
Cu-PHGGGWGQ-PCV,706,0.7674286469344597,0.6703019391809288
Cu-PHGGGWGQ-PCV,708,0.806368165087437,0.6333838467388451
Cu-PHGGGWGQ-PCV,710,0.6973222570701768,0.7359274469271286
Cu-PHGGGWGQ-PCV,712,0.8738165181480866,0.5699171609001525
Cu-PHGGGWGQ-PCV,714,0.9007017821191745,0.5450781406759777
Cu-PHGGGWGQ-PCV,716,0.790948133800496,0.6480073277912591
Cu-PHGGGWGQ-PCV,718,0.7160218983561264,0.7186248246237938
Cu-PHGGGWGQ-PCV,720,0.7771505858647194,0.6610917176549913
Cu-PHGGGWGQ-PCV,722,0.8190171880118885,0.6214023108049807
Cu-PHGGGWGQ-PCV,724,0.8419758840927122,0.5997261303797761
Cu-PHGGGWGQ-PCV,726,0.8520169891433672,0.5902880075771755
Cu-PHGGGWGQ-PCV,728,0.7179354725523213,0.7168436743295048
Cu-PHGGGWGQ-PCV,730,0.7875653820663212,0.6512159296679044
Cu-PHGGGWGQ-PCV,732,0.8536446887031075,0.5887610192854646
Cu-PHGGGWGQ-PCV,734,0.721842028238115,0.7132020448713362
Cu-PHGGGWGQ-PCV,736,0.6988235773356447,0.7345457704668975
Cu-PHGGGWGQ-PCV,738,0.80292642055034,0.6366467993986027
Cu-PHGGGWGQ-PCV,740,0.7579767025124375,0.6792428506456064
Cu-PHGGGWGQ-PCV,742,0.6645476316362392,0.7656948220609523
Cu-PHGGGWGQ-PCV,744,0.7880935346125323,0.6507149804640632
Cu-PHGGGWGQ-PCV,746,0.9064798247629153,0.5397881942230215
Cu-PHGGGWGQ-PCV,748,0.7819754840843182,0.656517304796173
Cu-PHGGGWGQ-PCV,750,0.6618807736126172,0.7680794432787705
Cu-PHGGGWGQ-PCV,752,0.8200066715067795,0.6204659463124855
Cu-PHGGGWGQ-PCV,754,0.6885028573711186,0.744014625831872
Cu-PHGGGWGQ-PCV,756,0.7448377813372172,0.6916389697894751
Cu-PHGGGWGQ-PCV,758,0.7303549116721321,0.7052430426720564
Cu-PHGGGWGQ-PCV,760,0.7253852962615852,0.7098930655392571
Cu-PHGGGWGQ-PCV,762,0.6916658777991646,0.7411201415671291
Cu-PHGGGWGQ-PCV,764,0.7553884699055443,0.681688098887183
Cu-PHGGGWGQ-PCV,766,0.8308846591940844,0.6101834611577246
Cu-PHGGGWGQ-PCV,768,0.8447865006796252,0.5970812702344614
Cu-PHGGGWGQ-PCV,770,0.9383299091819438,0.5109855971364534
Cu-PHGGGWGQ-PCV,772,0.830799150016144,0.6102641970777392
Cu-PHGGGWGQ-PCV,774,0.7997590023528436,0.6396503637802743
Cu-PHGGGWGQ-PCV,776,0.7515184758964013,0.6853414246977647
Cu-PHGGGWGQ-PCV,778,0.8338699595625446,0.6073658325435591
Cu-PHGGGWGQ-PCV,780,0.7327524332208156,0.7029961642523934
Cu-PHGGGWGQ-PCV,782,0.764976073956257,0.6726234127475991
Cu-PHGGGWGQ-PCV,784,0.823916447909508,0.6167676520691932
Cu-PHGGGWGQ-PCV,786,0.7440835491473865,0.6923491500210754
Cu-PHGGGWGQ-PCV,788,0.8159456544449409,0.6243098993868976
Cu-PHGGGWGQ-PCV,790,0.6869061586560968,0.7454731521152136
Cu-PHGGGWGQ-PCV,792,0.720623929974018,0.7143382994186112
Cu-PHGGGWGQ-PCV,794,0.8096649373136408,0.6302592747084612
Cu-PHGGGWGQ-PCV,796,0.5867178397725095,0.8321625071226042
Cu-PHGGGWGQ-PCV,798,0.6707544580577679,0.7601211958524479
Cu-PHGGGWGQ-PCV,800,0.8299845460591796,0.6110334082467523
Cu-FHFPHHF-PCV,350,13.328370104640529,2.206715249152983e-12
Cu-FHFPHHF-PCV,352,12.607053069198912,6.656829201887711e-12
Cu-FHFPHHF-PCV,354,11.499985727178315,3.927220084943539e-11
Cu-FHFPHHF-PCV,356,10.503562603459441,2.1252125680460035e-10
Cu-FHFPHHF-PCV,358,10.400340593646934,2.5448918888230805e-10
Cu-FHFPHHF-PCV,360,10.294591364888028,3.0642109989464206e-10
Cu-FHFPHHF-PCV,362,9.474339646358942,1.3442166426663458e-09
Cu-FHFPHHF-PCV,364,9.208156540934809,2.205112884430962e-09
Cu-FHFPHHF-PCV,366,8.699496839431303,5.803145800391847e-09
Cu-FHFPHHF-PCV,368,8.600929886684721,7.023824634429992e-09
Cu-FHFPHHF-PCV,370,8.713781711917681,5.645314721037913e-09
Cu-FHFPHHF-PCV,372,8.29323889671382,1.284024050148046e-08
Cu-FHFPHHF-PCV,374,8.14093179174934,1.738123173662957e-08
Cu-FHFPHHF-PCV,376,7.803163130101286,3.436610982887486e-08
Cu-FHFPHHF-PCV,378,8.128825580618711,1.78068020000618e-08
Cu-FHFPHHF-PCV,380,7.546198710607387,5.828082283510517e-08
Cu-FHFPHHF-PCV,382,7.481851915885569,6.661082615417289e-08
Cu-FHFPHHF-PCV,384,7.609159853819487,5.116589472748401e-08
Cu-FHFPHHF-PCV,386,7.15352666837671,1.3281534461533234e-07
Cu-FHFPHHF-PCV,388,7.11695276326657,1.4355493749427557e-07
Cu-FHFPHHF-PCV,390,6.778234084924476,2.9751250348756873e-07
Cu-FHFPHHF-PCV,392,6.7185190880680965,3.388511737840409e-07
Cu-FHFPHHF-PCV,394,6.790117813312833,2.899252937140946e-07
Cu-FHFPHHF-PCV,396,6.851175124414249,2.539666966079597e-07
Cu-FHFPHHF-PCV,398,6.601337785683812,4.380407324895344e-07
Cu-FHFPHHF-PCV,400,6.541055484822199,5.002670669438025e-07
Cu-FHFPHHF-PCV,402,6.435504973378334,6.320399132878095e-07
Cu-FHFPHHF-PCV,404,6.357137226021926,7.526276807266302e-07
Cu-FHFPHHF-PCV,406,6.169082225484317,1.1484579992104816e-06
Cu-FHFPHHF-PCV,408,6.110507694078809,1.311395566655691e-06
Cu-FHFPHHF-PCV,410,6.163683629795482,1.1625632450031612e-06
Cu-FHFPHHF-PCV,412,6.171763742256641,1.1415173647599123e-06
Cu-FHFPHHF-PCV,414,6.25648292002332,9.4306328671884e-07
Cu-FHFPHHF-PCV,416,6.483305053251249,5.684270771707523e-07
Cu-FHFPHHF-PCV,418,6.393895176477935,6.933661511626793e-07
Cu-FHFPHHF-PCV,420,6.266610599510037,9.218402404406939e-07
Cu-FHFPHHF-PCV,422,6.079356500289183,1.4075521212532344e-06
Cu-FHFPHHF-PCV,424,6.370733957773738,7.301221840099749e-07
Cu-FHFPHHF-PCV,426,6.26641701950163,9.222412575620008e-07
Cu-FHFPHHF-PCV,428,6.55613646157982,4.838929693368851e-07
Cu-FHFPHHF-PCV,430,6.490373651457333,5.595951670796179e-07
Cu-FHFPHHF-PCV,432,6.565557514439033,4.7394489693257834e-07
Cu-FHFPHHF-PCV,434,6.433509135162919,6.348500424484227e-07
Cu-FHFPHHF-PCV,436,6.308565069020966,8.390229554956369e-07
Cu-FHFPHHF-PCV,438,6.405920617374759,6.750383024336998e-07
Cu-FHFPHHF-PCV,440,6.452982288746194,6.07971972002675e-07
Cu-FHFPHHF-PCV,442,6.182500597082022,1.114156174369472e-06
Cu-FHFPHHF-PCV,444,6.466273459988925,5.90301255061695e-07
Cu-FHFPHHF-PCV,446,6.394850676926526,6.918913391202694e-07
Cu-FHFPHHF-PCV,448,6.348426882235178,7.674190165789485e-07
Cu-FHFPHHF-PCV,450,6.333658575619491,7.931845024771611e-07
Cu-FHFPHHF-PCV,452,6.361520793894964,7.452950306949668e-07
Cu-FHFPHHF-PCV,454,6.178758332070521,1.1236153564078732e-06
Cu-FHFPHHF-PCV,456,6.191687814381392,1.0912796889016258e-06
Cu-FHFPHHF-PCV,458,6.2449533853299295,9.678367124659645e-07
Cu-FHFPHHF-PCV,460,6.147343233312106,1.2063523145866347e-06
Cu-FHFPHHF-PCV,462,6.18086732289942,1.118274428943766e-06
Cu-FHFPHHF-PCV,464,5.9788645681965145,1.7701828898697958e-06
Cu-FHFPHHF-PCV,466,6.054344131203204,1.4899908539126592e-06
Cu-FHFPHHF-PCV,468,6.0237362245125565,1.5976676947675665e-06
Cu-FHFPHHF-PCV,470,5.885011259804406,2.1957048104288226e-06
Cu-FHFPHHF-PCV,472,5.935479650220788,1.9552210710573363e-06
Cu-FHFPHHF-PCV,474,5.861290446515703,2.3190410326462285e-06
Cu-FHFPHHF-PCV,476,5.925442790653348,2.0007915502013038e-06
Cu-FHFPHHF-PCV,478,5.764244011511155,2.9025890542761436e-06
Cu-FHFPHHF-PCV,480,5.678907666218349,3.539972824787792e-06
Cu-FHFPHHF-PCV,482,5.698236141010748,3.384009326192399e-06
Cu-FHFPHHF-PCV,484,5.949818791146699,1.891960082791288e-06
Cu-FHFPHHF-PCV,486,5.999949989104763,1.686850422266327e-06
Cu-FHFPHHF-PCV,488,5.720516019238945,3.21295742181762e-06
Cu-FHFPHHF-PCV,490,5.86357155755057,2.306877039290169e-06
Cu-FHFPHHF-PCV,492,5.946272232759956,1.9074082091425097e-06
Cu-FHFPHHF-PCV,494,6.018432885236389,1.6171226604654372e-06
Cu-FHFPHHF-PCV,496,6.065848815460715,1.451472779412191e-06
Cu-FHFPHHF-PCV,498,6.154810402315676,1.1861350940255615e-06
Cu-FHFPHHF-PCV,500,6.316783858451855,8.237169664010564e-07
Cu-FHFPHHF-PCV,502,6.466616297124768,5.89852505481376e-07
Cu-FHFPHHF-PCV,504,6.4887758945225364,5.615790687150978e-07
Cu-FHFPHHF-PCV,506,6.577071470669565,4.620719549880287e-07
Cu-FHFPHHF-PCV,508,6.543329046625307,4.977625222016804e-07
Cu-FHFPHHF-PCV,510,6.8769413021098,2.4020088337825164e-07
Cu-FHFPHHF-PCV,512,6.909788623440477,2.2375790067578477e-07
Cu-FHFPHHF-PCV,514,7.3460164633386755,8.846898189120026e-08
Cu-FHFPHHF-PCV,516,7.073894912427025,1.5735291589694368e-07
Cu-FHFPHHF-PCV,518,7.484864571394109,6.619470029399446e-08
Cu-FHFPHHF-PCV,520,7.405186188367519,7.815853681791946e-08
Cu-FHFPHHF-PCV,522,7.601979306760398,5.192998582158849e-08
Cu-FHFPHHF-PCV,524,7.560512231954084,5.657848334003815e-08
Cu-FHFPHHF-PCV,526,7.665747492130238,4.553527912090764e-08
Cu-FHFPHHF-PCV,528,7.415891893809641,7.642947929123763e-08
Cu-FHFPHHF-PCV,530,7.369359496225163,8.424358224008858e-08
Cu-FHFPHHF-PCV,532,7.592149349130272,5.2995109493336676e-08
Cu-FHFPHHF-PCV,534,7.232328523580489,1.1239621824567017e-07
Cu-FHFPHHF-PCV,536,7.28760116176865,1.0002661893507762e-07
Cu-FHFPHHF-PCV,538,7.303683514209833,9.669750656143871e-08
Cu-FHFPHHF-PCV,540,7.061799590860342,1.6146945204298817e-07
Cu-FHFPHHF-PCV,542,7.0387441946346305,1.6962606512618886e-07
Cu-FHFPHHF-PCV,544,6.869476536511991,2.441080976394176e-07
Cu-FHFPHHF-PCV,546,6.701709569660045,3.5152263261102774e-07
Cu-FHFPHHF-PCV,548,6.846525510338846,2.5653602806077566e-07
Cu-FHFPHHF-PCV,550,6.465106944493225,5.918307737583468e-07
Cu-FHFPHHF-PCV,552,6.138889566007721,1.2296686342765728e-06
Cu-FHFPHHF-PCV,554,6.33165097257374,7.967551331810865e-07
Cu-FHFPHHF-PCV,556,5.9059694182946005,2.092346428120895e-06
Cu-FHFPHHF-PCV,558,5.823998583121239,2.527519220698736e-06
Cu-FHFPHHF-PCV,560,6.085689586090019,1.3874326692725624e-06
Cu-FHFPHHF-PCV,562,5.6581001561186435,3.7161445200746177e-06
Cu-FHFPHHF-PCV,564,5.643534451704434,3.844806807212008e-06
Cu-FHFPHHF-PCV,566,5.719249766759623,3.222436648485545e-06
Cu-FHFPHHF-PCV,568,5.611886475155612,4.140373144103483e-06
Cu-FHFPHHF-PCV,570,5.5875739251507675,4.383218473349736e-06
Cu-FHFPHHF-PCV,572,5.3004041529612875,8.651097119793504e-06
Cu-FHFPHHF-PCV,574,5.335935414169371,7.947788392607122e-06
Cu-FHFPHHF-PCV,576,4.920529814628161,2.1672734852386822e-05
Cu-FHFPHHF-PCV,578,4.826062418287965,2.7324670085841887e-05
Cu-FHFPHHF-PCV,580,4.568766146591308,5.1711288346511334e-05
Cu-FHFPHHF-PCV,582,4.412804299892838,7.648281120280219e-05
Cu-FHFPHHF-PCV,584,4.143138798829792,0.00015171663121331012
Cu-FHFPHHF-PCV,586,3.9160979995870386,0.0002721813839751498
Cu-FHFPHHF-PCV,588,3.7174512866447285,0.0004563758102724407
Cu-FHFPHHF-PCV,590,3.630480839618853,0.000573130317565654
Cu-FHFPHHF-PCV,592,3.4696645937661605,0.0008753128457061911
Cu-FHFPHHF-PCV,594,2.982040747383118,0.0032076651894436974
Cu-FHFPHHF-PCV,596,2.753874558817039,0.005918575280753167
Cu-FHFPHHF-PCV,598,2.5702628733269886,0.00969351944053145
Cu-FHFPHHF-PCV,600,2.3305103057169174,0.018424298388508387
Cu-FHFPHHF-PCV,602,1.8949438079339964,0.05799218031442624
Cu-FHFPHHF-PCV,604,1.8728010551902938,0.061397309034272374
Cu-FHFPHHF-PCV,606,1.7932147973098744,0.0752657112486464
Cu-FHFPHHF-PCV,608,1.648584404300515,0.10824755741412725
Cu-FHFPHHF-PCV,610,1.4698413792707248,0.1670141473784408
Cu-FHFPHHF-PCV,612,1.3754515399302765,0.20814624290742773
Cu-FHFPHHF-PCV,614,1.1296601528342376,0.3552134959165598
Cu-FHFPHHF-PCV,616,1.018228127533331,0.4419582867187271
Cu-FHFPHHF-PCV,618,1.0269342969851631,0.434757196358988
Cu-FHFPHHF-PCV,620,1.0179035266187577,0.44222807739293174
Cu-FHFPHHF-PCV,622,0.7791810392789589,0.6591668875577443
Cu-FHFPHHF-PCV,624,0.7757664144247043,0.6624036783340195
Cu-FHFPHHF-PCV,626,0.7987502996140149,0.6406069927303216
Cu-FHFPHHF-PCV,628,0.6085742214774479,0.8142313046056262
Cu-FHFPHHF-PCV,630,0.5899607899270493,0.8295437218424055
Cu-FHFPHHF-PCV,632,0.6354500120526982,0.7913486952081448
Cu-FHFPHHF-PCV,634,0.6445660450594797,0.7834017685710939
Cu-FHFPHHF-PCV,636,0.5515239142165759,0.8595552997571104
Cu-FHFPHHF-PCV,638,0.5228743893695698,0.8803267035549603
Cu-FHFPHHF-PCV,640,0.518432672700867,0.8834135664069258
Cu-FHFPHHF-PCV,642,0.6591677188612161,0.7704988883734343
Cu-FHFPHHF-PCV,644,0.5406961169833152,0.8675764695902796
Cu-FHFPHHF-PCV,646,0.5796680645189493,0.8378027017397295
Cu-FHFPHHF-PCV,648,0.5857438425825163,0.8329460861370968
Cu-FHFPHHF-PCV,650,0.41409685818983816,0.9443004747288427
Cu-FHFPHHF-PCV,652,0.5340886286100007,0.872370615651012
Cu-FHFPHHF-PCV,654,0.5403059206188736,0.8678617295708362
Cu-FHFPHHF-PCV,656,0.544409223884673,0.864848610918235
Cu-FHFPHHF-PCV,658,0.5742164128754988,0.8421135227819473
Cu-FHFPHHF-PCV,660,0.5541348378294654,0.8575912424735572
Cu-FHFPHHF-PCV,662,0.5100058216065361,0.8891670784175052
Cu-FHFPHHF-PCV,664,0.5798612151165695,0.8376491491493673
Cu-FHFPHHF-PCV,666,0.5987390358878567,0.8223807420646049
Cu-FHFPHHF-PCV,668,0.6300280762034994,0.7960328564892276
Cu-FHFPHHF-PCV,670,0.6268590340262692,0.7987554264929152
Cu-FHFPHHF-PCV,672,0.6337980283992902,0.7927793254702589
Cu-FHFPHHF-PCV,674,0.5519162836825773,0.8592608725098951
Cu-FHFPHHF-PCV,676,0.6731041355050364,0.758002861454808
Cu-FHFPHHF-PCV,678,0.737596837856124,0.6984496056380021
Cu-FHFPHHF-PCV,680,0.6085932356005482,0.8142154268304609
Cu-FHFPHHF-PCV,682,0.7145327978175967,0.72000962539457
Cu-FHFPHHF-PCV,684,0.7696741229983175,0.6681757002873203
Cu-FHFPHHF-PCV,686,0.776573526731074,0.6616386938500673
Cu-FHFPHHF-PCV,688,0.7996738302415163,0.639731137163729
Cu-FHFPHHF-PCV,690,0.6769694025399363,0.7545085335446151
Cu-FHFPHHF-PCV,692,0.9753667311033122,0.47836128829980074
Cu-FHFPHHF-PCV,694,0.7594671550980276,0.6778340900224988
Cu-FHFPHHF-PCV,696,0.7515774219319732,0.6852858062578273
Cu-FHFPHHF-PCV,698,0.7046086308187439,0.7292089522275711
Cu-FHFPHHF-PCV,700,0.7115844550548696,0.7227481336267976
Cu-FHFPHHF-PCV,702,0.8353171349569406,0.6060006831233924
Cu-FHFPHHF-PCV,704,0.6816031506867326,0.7503042199499002
Cu-FHFPHHF-PCV,706,0.8288333850814036,0.612120664101153
Cu-FHFPHHF-PCV,708,0.8049581056848341,0.6347205479994509
Cu-FHFPHHF-PCV,710,0.9079897855076836,0.5384088566526437
Cu-FHFPHHF-PCV,712,0.9840378971750107,0.47087382267349864
Cu-FHFPHHF-PCV,714,0.917775816416593,0.5295014365692201
Cu-FHFPHHF-PCV,716,0.9362746284389718,0.512824676479662
Cu-FHFPHHF-PCV,718,0.8262160118730929,0.6145937518995153
Cu-FHFPHHF-PCV,720,0.90839204469491,0.5380416143879327
Cu-FHFPHHF-PCV,722,0.9523535622871273,0.498514922442876
Cu-FHFPHHF-PCV,724,0.9050802967085327,0.5410677999719018
Cu-FHFPHHF-PCV,726,0.9384307837846046,0.5108954072518079
Cu-FHFPHHF-PCV,728,1.1313628610295285,0.35398316170604616
Cu-FHFPHHF-PCV,730,1.0430746760110448,0.42158872602947683
Cu-FHFPHHF-PCV,732,0.9900921907378065,0.4656819601324865
Cu-FHFPHHF-PCV,734,0.963915095561531,0.4883400024779537
Cu-FHFPHHF-PCV,736,0.9411323897621737,0.5084825327792349
Cu-FHFPHHF-PCV,738,1.0120708690285167,0.44709168200138444
Cu-FHFPHHF-PCV,740,0.9020215150063956,0.5438682725501487
Cu-FHFPHHF-PCV,742,0.9288613792725985,0.51948141887514
Cu-FHFPHHF-PCV,744,1.0163098167181432,0.4435540333121161
Cu-FHFPHHF-PCV,746,0.8784969159367576,0.5655683940626607
Cu-FHFPHHF-PCV,748,0.9643016638901418,0.4880015160653959
Cu-FHFPHHF-PCV,750,0.9694588442096979,0.48349666982210016
Cu-FHFPHHF-PCV,752,0.8739903896910257,0.5697554386871149
Cu-FHFPHHF-PCV,754,0.912232792881601,0.5345398928294726
Cu-FHFPHHF-PCV,756,0.9421707853442168,0.5075564437551299
Cu-FHFPHHF-PCV,758,0.7688757604939794,0.6689317508834767
Cu-FHFPHHF-PCV,760,0.8833453430783827,0.561073866556211
Cu-FHFPHHF-PCV,762,1.0111813320369463,0.44783604826742457
Cu-FHFPHHF-PCV,764,0.8664473190694882,0.5767830231514788
Cu-FHFPHHF-PCV,766,0.8754229011212253,0.5684235196308323
Cu-FHFPHHF-PCV,768,0.895454782055939,0.5498975691947698
Cu-FHFPHHF-PCV,770,1.0535273744519005,0.4131893615787651
Cu-FHFPHHF-PCV,772,1.1784050745500088,0.3211673715429094
Cu-FHFPHHF-PCV,774,0.9739903383283459,0.4795552731824658
Cu-FHFPHHF-PCV,776,0.8518174705403793,0.5904752411480365
Cu-FHFPHHF-PCV,778,1.1720657125724818,0.3254567632342876
Cu-FHFPHHF-PCV,780,0.8909237160707667,0.5540709418983272
Cu-FHFPHHF-PCV,782,0.8766889690786179,0.5672470986833008
Cu-FHFPHHF-PCV,784,0.9146915639367066,0.5323026800877585
Cu-FHFPHHF-PCV,786,0.9249414055676481,0.5230157882575663
Cu-FHFPHHF-PCV,788,1.0728276274901634,0.39795295989397544
Cu-FHFPHHF-PCV,790,0.8497389864310305,0.592426508385631
Cu-FHFPHHF-PCV,792,0.8195342307799246,0.6209130054127632
Cu-FHFPHHF-PCV,794,1.008152138694361,0.45037604323690666
Cu-FHFPHHF-PCV,796,0.8456774190784542,0.5962433673921923
Cu-FHFPHHF-PCV,798,0.904058852935298,0.5420024092775004
Cu-FHFPHHF-PCV,800,0.8574347035976865,0.5852089696807606
Cu-WHCCHDHCD-PCV,350,17.60667866610847,6.4083616622799125e-15
Cu-WHCCHDHCD-PCV,352,15.940062715781847,5.475653131133294e-14
Cu-WHCCHDHCD-PCV,354,12.571658140948827,7.034658699790703e-12
Cu-WHCCHDHCD-PCV,356,12.707893815420004,5.6910643017289705e-12
Cu-WHCCHDHCD-PCV,358,13.032642007809164,3.4536499474540535e-12
Cu-WHCCHDHCD-PCV,360,11.251437338634506,5.93391777043387e-11
Cu-WHCCHDHCD-PCV,362,11.247763373859788,5.970477248958522e-11
Cu-WHCCHDHCD-PCV,364,11.73969696969698,2.6510414269901406e-11
Cu-WHCCHDHCD-PCV,366,10.74682182599001,1.3954200008128816e-10
Cu-WHCCHDHCD-PCV,368,9.957993197456508,5.5747187437042e-10
Cu-WHCCHDHCD-PCV,370,10.885104497933597,1.101356152344204e-10
Cu-WHCCHDHCD-PCV,372,10.336456509901994,2.8466469666187363e-10
Cu-WHCCHDHCD-PCV,374,9.749649780910898,8.120605354751775e-10
Cu-WHCCHDHCD-PCV,376,9.016636981241366,3.1635633364875944e-09
Cu-WHCCHDHCD-PCV,378,9.62172056131788,1.0253355558363258e-09
Cu-WHCCHDHCD-PCV,380,9.158518006830404,2.420402941878919e-09
Cu-WHCCHDHCD-PCV,382,8.77759807714101,4.992452187699573e-09
Cu-WHCCHDHCD-PCV,384,8.605709172756052,6.9589263214304656e-09
Cu-WHCCHDHCD-PCV,386,8.134469519777221,1.7607079905243995e-08
Cu-WHCCHDHCD-PCV,388,7.984763208675983,2.377920952278358e-08
Cu-WHCCHDHCD-PCV,390,7.1129067974077085,1.447967091739304e-07
Cu-WHCCHDHCD-PCV,392,7.420000573941151,7.577639936402465e-08
Cu-WHCCHDHCD-PCV,394,7.602596052609903,5.1863898096737986e-08
Cu-WHCCHDHCD-PCV,396,6.926459198245578,2.1586054729522415e-07
Cu-WHCCHDHCD-PCV,398,6.619526271248754,4.208743023275287e-07
Cu-WHCCHDHCD-PCV,400,6.983243791583394,1.910475178905656e-07
Cu-WHCCHDHCD-PCV,402,6.372765710647299,7.268191351614077e-07
Cu-WHCCHDHCD-PCV,404,6.17242751031357,1.1398059870907116e-06
Cu-WHCCHDHCD-PCV,406,5.913194158957879,2.0578867739078194e-06
Cu-WHCCHDHCD-PCV,408,5.965814950708381,1.8238657158927076e-06
Cu-WHCCHDHCD-PCV,410,5.924768047745629,2.003893983374372e-06
Cu-WHCCHDHCD-PCV,412,5.671501407429381,3.6016747260072817e-06
Cu-WHCCHDHCD-PCV,414,5.717743762213538,3.233748087695284e-06
Cu-WHCCHDHCD-PCV,416,5.762504905450048,2.9143243288465907e-06
Cu-WHCCHDHCD-PCV,418,6.00674312243267,1.6608705805189524e-06
Cu-WHCCHDHCD-PCV,420,5.519776434234147,5.1407031966232485e-06
Cu-WHCCHDHCD-PCV,422,5.815957363372857,2.574943186761044e-06
Cu-WHCCHDHCD-PCV,424,5.753804582746885,2.9737692665326998e-06
Cu-WHCCHDHCD-PCV,426,5.66819126717686,3.6296078536105934e-06
Cu-WHCCHDHCD-PCV,428,5.731840712999788,3.129443511652926e-06
Cu-WHCCHDHCD-PCV,430,5.864763083331515,2.3005493334442827e-06
Cu-WHCCHDHCD-PCV,432,5.98285351213849,1.7540995862548017e-06
Cu-WHCCHDHCD-PCV,434,5.6738773785642715,3.5817609437043223e-06
Cu-WHCCHDHCD-PCV,436,5.524798012076573,5.0802453985969005e-06
Cu-WHCCHDHCD-PCV,438,5.715873431854706,3.2478527488048295e-06
Cu-WHCCHDHCD-PCV,440,5.652390648108934,3.766042602574517e-06
Cu-WHCCHDHCD-PCV,442,5.653178719649158,3.7591145360638374e-06
Cu-WHCCHDHCD-PCV,444,5.619805295918662,4.064295159819906e-06
Cu-WHCCHDHCD-PCV,446,5.705122035955193,3.330166898669648e-06
Cu-WHCCHDHCD-PCV,448,5.696129698418297,3.4006581036693196e-06
Cu-WHCCHDHCD-PCV,450,5.511724501923007,5.239191744741729e-06
Cu-WHCCHDHCD-PCV,452,5.514569232206115,5.204176487550475e-06
Cu-WHCCHDHCD-PCV,454,5.480003879512418,5.646425946312495e-06
Cu-WHCCHDHCD-PCV,456,5.269376878668462,9.317412398805464e-06
Cu-WHCCHDHCD-PCV,458,5.213843233152731,1.0644558352841347e-05
Cu-WHCCHDHCD-PCV,460,5.655965299985341,3.7347220603893433e-06
Cu-WHCCHDHCD-PCV,462,5.619550408653079,4.0667214191254755e-06
Cu-WHCCHDHCD-PCV,464,5.340924152057358,7.853848201840232e-06
Cu-WHCCHDHCD-PCV,466,5.4613251009883745,5.9012957299843664e-06
Cu-WHCCHDHCD-PCV,468,5.388488525416482,7.013428608219008e-06
Cu-WHCCHDHCD-PCV,470,5.008448876329596,1.748917034725439e-05
Cu-WHCCHDHCD-PCV,472,5.047985081158292,1.5887187711812273e-05
Cu-WHCCHDHCD-PCV,474,5.0408595962214,1.6164376913359305e-05
Cu-WHCCHDHCD-PCV,476,5.285696772608466,8.960620455553152e-06
Cu-WHCCHDHCD-PCV,478,5.238124672783866,1.0041912286940648e-05
Cu-WHCCHDHCD-PCV,480,4.976324415538995,1.8912316500456046e-05
Cu-WHCCHDHCD-PCV,482,5.149022744113324,1.2441860005291617e-05
Cu-WHCCHDHCD-PCV,484,5.3975375425418095,6.864295169456684e-06
Cu-WHCCHDHCD-PCV,486,5.33768171071911,7.914774345316244e-06
Cu-WHCCHDHCD-PCV,488,5.39525162146619,6.901658539277156e-06
Cu-WHCCHDHCD-PCV,490,5.75804463455727,2.944645048820024e-06
Cu-WHCCHDHCD-PCV,492,5.983332627441521,1.7521779377623187e-06
Cu-WHCCHDHCD-PCV,494,5.868554888203987,2.2805310514456385e-06
Cu-WHCCHDHCD-PCV,496,6.641777750065691,4.008106610594981e-07
Cu-WHCCHDHCD-PCV,498,6.785018470402272,2.931562952649203e-07
Cu-WHCCHDHCD-PCV,500,7.381975465208139,8.204700138756119e-08
Cu-WHCCHDHCD-PCV,502,7.904557815811465,2.796487551840825e-08
Cu-WHCCHDHCD-PCV,504,8.105865881177685,1.8643650828500686e-08
Cu-WHCCHDHCD-PCV,506,9.113210822760301,2.6358286679611963e-09
Cu-WHCCHDHCD-PCV,508,10.076894586833937,4.5066217148274045e-10
Cu-WHCCHDHCD-PCV,510,10.303174342531712,3.0182497658013203e-10
Cu-WHCCHDHCD-PCV,512,11.02361998771806,8.704583803645532e-11
Cu-WHCCHDHCD-PCV,514,11.540533694227026,3.673370376436951e-11
Cu-WHCCHDHCD-PCV,516,12.748952534717438,5.340408924615048e-12
Cu-WHCCHDHCD-PCV,518,13.131825104418494,2.9697544516928555e-12
Cu-WHCCHDHCD-PCV,520,14.641303290561543,3.255618643380053e-13
Cu-WHCCHDHCD-PCV,522,15.256713131374596,1.3809304384920615e-13
Cu-WHCCHDHCD-PCV,524,15.61018684940357,8.528137378825886e-14
Cu-WHCCHDHCD-PCV,526,16.155208743371862,4.1155092070171744e-14
Cu-WHCCHDHCD-PCV,528,16.440434608972378,2.8299609098088468e-14
Cu-WHCCHDHCD-PCV,530,17.633775129577945,6.1962242249023985e-15
Cu-WHCCHDHCD-PCV,532,18.254830790276657,2.8932549340663556e-15
Cu-WHCCHDHCD-PCV,534,18.23301421051196,2.9707496240038896e-15
Cu-WHCCHDHCD-PCV,536,18.32692655678376,2.651687634586402e-15
Cu-WHCCHDHCD-PCV,538,19.238052643809166,8.997432305557978e-16
Cu-WHCCHDHCD-PCV,540,19.017542051152375,1.1646729837841051e-15
Cu-WHCCHDHCD-PCV,542,19.267260920473703,8.696471973602592e-16
Cu-WHCCHDHCD-PCV,544,20.23946149140442,2.8624797441945437e-16
Cu-WHCCHDHCD-PCV,546,20.219468995510677,2.9274605310523587e-16
Cu-WHCCHDHCD-PCV,548,20.161385177852072,3.1250320915246743e-16
Cu-WHCCHDHCD-PCV,550,20.145506102735048,3.18140648034391e-16
Cu-WHCCHDHCD-PCV,552,19.794136316440795,4.738211327187542e-16
Cu-WHCCHDHCD-PCV,554,18.690916591940457,1.713934614013232e-15
Cu-WHCCHDHCD-PCV,556,19.526229740935364,6.442544046675928e-16
Cu-WHCCHDHCD-PCV,558,19.23640280980406,9.014749782127584e-16
Cu-WHCCHDHCD-PCV,560,18.17459342974639,3.189001765652195e-15
Cu-WHCCHDHCD-PCV,562,18.491626661174248,2.1748390310897575e-15
Cu-WHCCHDHCD-PCV,564,18.585699263932693,1.9431304371163864e-15
Cu-WHCCHDHCD-PCV,566,17.98745681378366,4.0064876418652985e-15
Cu-WHCCHDHCD-PCV,568,18.475407241107394,2.2175877686839708e-15
Cu-WHCCHDHCD-PCV,570,17.072881156261747,1.2534169158617323e-14
Cu-WHCCHDHCD-PCV,572,17.021599620159133,1.3379049273526976e-14
Cu-WHCCHDHCD-PCV,574,16.346862413580805,3.198295360636892e-14
Cu-WHCCHDHCD-PCV,576,16.618144093372777,2.2461756674379403e-14
Cu-WHCCHDHCD-PCV,578,16.282413900690198,3.4805016472028554e-14
Cu-WHCCHDHCD-PCV,580,15.077214039644412,1.769044834442442e-13
Cu-WHCCHDHCD-PCV,582,14.944219304056421,2.1281443660199663e-13
Cu-WHCCHDHCD-PCV,584,14.239154761279234,5.777790350577736e-13
Cu-WHCCHDHCD-PCV,586,13.586542297664504,1.5003525358301086e-12
Cu-WHCCHDHCD-PCV,588,12.175777083470994,1.3132516188791978e-11
Cu-WHCCHDHCD-PCV,590,11.844055958831875,2.2375958129738637e-11
Cu-WHCCHDHCD-PCV,592,11.117075949523842,7.434263662063506e-11
Cu-WHCCHDHCD-PCV,594,10.89023857161288,1.091759038838861e-10
Cu-WHCCHDHCD-PCV,596,10.584272374949633,1.8472053858779658e-10
Cu-WHCCHDHCD-PCV,598,10.079960196387693,4.482060140303162e-10
Cu-WHCCHDHCD-PCV,600,9.929775550709113,5.86456620055325e-10
Cu-WHCCHDHCD-PCV,602,9.656645743860823,9.619292465986223e-10
Cu-WHCCHDHCD-PCV,604,9.238563367971636,2.0830817790252614e-09
Cu-WHCCHDHCD-PCV,606,8.629611612270315,6.643506740997223e-09
Cu-WHCCHDHCD-PCV,608,8.65343343916875,6.3437948524120185e-09
Cu-WHCCHDHCD-PCV,610,7.855979273706321,3.08625063095069e-08
Cu-WHCCHDHCD-PCV,612,7.821429621817839,3.3110231232215314e-08
Cu-WHCCHDHCD-PCV,614,7.609393549250082,5.114122239516322e-08
Cu-WHCCHDHCD-PCV,616,6.709369822128086,3.456887250111446e-07
Cu-WHCCHDHCD-PCV,618,6.537897268803636,5.037676753584659e-07
Cu-WHCCHDHCD-PCV,620,6.189550429016006,1.096558374318958e-06
Cu-WHCCHDHCD-PCV,622,6.22554582459602,1.0110597121039694e-06
Cu-WHCCHDHCD-PCV,624,5.646718688598212,3.816294206444656e-06
Cu-WHCCHDHCD-PCV,626,5.1511645797911,1.2377759786621248e-05
Cu-WHCCHDHCD-PCV,628,5.9250312570285395,2.002683172872313e-06
Cu-WHCCHDHCD-PCV,630,6.122953033947795,1.274892092533033e-06
Cu-WHCCHDHCD-PCV,632,4.580774436365267,5.018358833601363e-05
Cu-WHCCHDHCD-PCV,634,4.605206313693657,4.721634503305037e-05
Cu-WHCCHDHCD-PCV,636,4.770130851431378,3.1362745919885153e-05
Cu-WHCCHDHCD-PCV,638,4.823813696154124,2.747626243387613e-05
Cu-WHCCHDHCD-PCV,640,4.746891897574832,3.3215767388831245e-05
Cu-WHCCHDHCD-PCV,642,3.5133356617145997,0.0007800106066590324
Cu-WHCCHDHCD-PCV,644,4.074493616204281,0.00018090856329671512
Cu-WHCCHDHCD-PCV,646,3.694247211905574,0.00048493095764974066
Cu-WHCCHDHCD-PCV,648,3.844584075211384,0.0003276566789625974
Cu-WHCCHDHCD-PCV,650,4.350569880859792,8.949889320807471e-05
Cu-WHCCHDHCD-PCV,652,3.554800075116737,0.000699276699151393
Cu-WHCCHDHCD-PCV,654,3.133452808976258,0.0021389910375295205
Cu-WHCCHDHCD-PCV,656,3.4699291614633077,0.0008747012587636493
Cu-WHCCHDHCD-PCV,658,2.8808172779710475,0.004208453714949362
Cu-WHCCHDHCD-PCV,660,3.502889773915148,0.0008018023520401787
Cu-WHCCHDHCD-PCV,662,3.2455620920922192,0.0015861531306707965
Cu-WHCCHDHCD-PCV,664,3.0848878561066075,0.002435497391814733
Cu-WHCCHDHCD-PCV,666,3.215429037725192,0.0017187342659447766
Cu-WHCCHDHCD-PCV,668,3.0439353561037605,0.002717565787102827
Cu-WHCCHDHCD-PCV,670,2.7681228971040697,0.005696240400083631
Cu-WHCCHDHCD-PCV,672,2.5330128245785386,0.010713027859973882
Cu-WHCCHDHCD-PCV,674,2.7628686803859313,0.0057772380082995655
Cu-WHCCHDHCD-PCV,676,2.710227800293988,0.00665518432542194
Cu-WHCCHDHCD-PCV,678,1.9760547082435709,0.046993227717826574
Cu-WHCCHDHCD-PCV,680,2.743708966551454,0.006082493916870427
Cu-WHCCHDHCD-PCV,682,1.708691926358661,0.09318254066630174
Cu-WHCCHDHCD-PCV,684,2.067256242229942,0.03701838780222874
Cu-WHCCHDHCD-PCV,686,2.3100435238248127,0.01945831203986056
Cu-WHCCHDHCD-PCV,688,1.3286527069828813,0.23152227124142397
Cu-WHCCHDHCD-PCV,690,1.7236173204992826,0.08975469041234746
Cu-WHCCHDHCD-PCV,692,1.3395370816653376,0.22590058102783156
Cu-WHCCHDHCD-PCV,694,1.5796327737195877,0.12825257064218845
Cu-WHCCHDHCD-PCV,696,1.7494005626437004,0.08410774973689353
Cu-WHCCHDHCD-PCV,698,1.8179866251358934,0.07066038588372234
Cu-WHCCHDHCD-PCV,700,1.5017108634758383,0.1548171001270846
Cu-WHCCHDHCD-PCV,702,1.254982576486546,0.27262334956695994
Cu-WHCCHDHCD-PCV,704,1.3441917402229229,0.22353105252912656
Cu-WHCCHDHCD-PCV,706,1.1816562339372343,0.31898364053170314
Cu-WHCCHDHCD-PCV,708,2.0690087466368365,0.03684834886291665
Cu-WHCCHDHCD-PCV,710,1.3991743579158429,0.1970722873306462
Cu-WHCCHDHCD-PCV,712,1.5212216012523445,0.14774319791378837
Cu-WHCCHDHCD-PCV,714,2.093076933521001,0.034588281264992346
Cu-WHCCHDHCD-PCV,716,1.1501716674130458,0.34058957652979116
Cu-WHCCHDHCD-PCV,718,2.076973017747505,0.036085086763615305
Cu-WHCCHDHCD-PCV,720,1.290205211938543,0.25230079415533085
Cu-WHCCHDHCD-PCV,722,1.7056677450156055,0.09389170589531626
Cu-WHCCHDHCD-PCV,724,1.6016889444811424,0.12151590471399491
Cu-WHCCHDHCD-PCV,726,1.5136307705130563,0.15046064818388374
Cu-WHCCHDHCD-PCV,728,1.1006714357641778,0.3766107678981426
Cu-WHCCHDHCD-PCV,730,1.2476142641888475,0.2770330063668165
Cu-WHCCHDHCD-PCV,732,1.1650320985144902,0.3302644360354649
Cu-WHCCHDHCD-PCV,734,1.3432614988742366,0.2240029586214216
Cu-WHCCHDHCD-PCV,736,1.3674691991416383,0.2119881784777631
Cu-WHCCHDHCD-PCV,738,1.1341532597667183,0.35197328251493243
Cu-WHCCHDHCD-PCV,740,1.2657777641312198,0.26626220478720986
Cu-WHCCHDHCD-PCV,742,1.4487897895438762,0.17552366964692384
Cu-WHCCHDHCD-PCV,744,1.113020048565998,0.36739225913149665
Cu-WHCCHDHCD-PCV,746,1.9878886853499829,0.04556606788559908
Cu-WHCCHDHCD-PCV,748,1.038440517398434,0.42534513525017525
Cu-WHCCHDHCD-PCV,750,1.3985138743759424,0.19737372017373384
Cu-WHCCHDHCD-PCV,752,1.4670394639887745,0.1681256246356646
Cu-WHCCHDHCD-PCV,754,1.0241959266211365,0.43701486230236314
Cu-WHCCHDHCD-PCV,756,1.560082808607661,0.13450310126247925
Cu-WHCCHDHCD-PCV,758,1.5189261143326303,0.14856033930088244
Cu-WHCCHDHCD-PCV,760,1.083300008751167,0.38983635453536625
Cu-WHCCHDHCD-PCV,762,1.3269267040942965,0.23242419361388125
Cu-WHCCHDHCD-PCV,764,1.3609996798312511,0.2151453356366499
Cu-WHCCHDHCD-PCV,766,1.4485453434322846,0.17562464867398342
Cu-WHCCHDHCD-PCV,768,1.364773034877057,0.21329918525024597
Cu-WHCCHDHCD-PCV,770,1.3310996837658786,0.23024852191945924
Cu-WHCCHDHCD-PCV,772,0.8808194539106391,0.5634140385787232
Cu-WHCCHDHCD-PCV,774,1.1382044525258828,0.3490694255990467
Cu-WHCCHDHCD-PCV,776,1.5419768873167066,0.14053405853222883
Cu-WHCCHDHCD-PCV,778,0.9656778034347568,0.48679746125537315
Cu-WHCCHDHCD-PCV,780,1.5729423490531407,0.13036160863315166
Cu-WHCCHDHCD-PCV,782,1.509623387258969,0.15191301648846556
Cu-WHCCHDHCD-PCV,784,1.5631840865647582,0.13349365535877664
Cu-WHCCHDHCD-PCV,786,1.0175515737789025,0.4425207068007232
Cu-WHCCHDHCD-PCV,788,1.1483509226908726,0.34187026326541553
Cu-WHCCHDHCD-PCV,790,1.5226148340796652,0.14724918390349792
Cu-WHCCHDHCD-PCV,792,1.4280773753256641,0.184259768294313
Cu-WHCCHDHCD-PCV,794,0.9343207874366245,0.5145756126888829
Cu-WHCCHDHCD-PCV,796,1.5654931368198537,0.13274649344796827
Cu-WHCCHDHCD-PCV,798,1.3049864529889905,0.24414101214850473
Cu-WHCCHDHCD-PCV,800,1.068809390080351,0.40109561896072143
Cu-WGHGGHHG-PCV,350,4.771199566833627,3.128012100030327e-05
Cu-WGHGGHHG-PCV,352,4.844561408312319,2.6109672733263167e-05
Cu-WGHGGHHG-PCV,354,4.211598549635014,0.00012737795034573445
Cu-WGHGGHHG-PCV,356,3.9341763920140385,0.00025973972548666503
Cu-WGHGGHHG-PCV,358,4.074696524370053,0.00018081431335083005
Cu-WGHGGHHG-PCV,360,4.127905625650037,0.00015774980515839715
Cu-WGHGGHHG-PCV,362,3.8646247550255732,0.0003110387658084729
Cu-WGHGGHHG-PCV,364,3.991550878486043,0.00022396116268240672
Cu-WGHGGHHG-PCV,366,4.1903011142207935,0.00013448943113627672
Cu-WGHGGHHG-PCV,368,4.009412148262597,0.00021388166887623564
Cu-WGHGGHHG-PCV,370,3.7222645116079645,0.0004506701780715984
Cu-WGHGGHHG-PCV,372,3.844379592471134,0.0003278308210640411
Cu-WGHGGHHG-PCV,374,4.058973426904071,0.0001882682514327572
Cu-WGHGGHHG-PCV,376,3.6509398263217863,0.0005431831551060137
Cu-WGHGGHHG-PCV,378,3.6237862434124746,0.0005832899258110929
Cu-WGHGGHHG-PCV,380,3.6455583347449485,0.000550902711232394
Cu-WGHGGHHG-PCV,382,3.774437567541011,0.0003932892081268666
Cu-WGHGGHHG-PCV,384,3.474356930327133,0.0008645299401673915
Cu-WGHGGHHG-PCV,386,3.120366793069161,0.00221510155899722
Cu-WGHGGHHG-PCV,388,3.322559019482277,0.0012924434094570164
Cu-WGHGGHHG-PCV,390,3.191570276028906,0.0018316199044951785
Cu-WGHGGHHG-PCV,392,3.0114655834864164,0.0029644536941848616
Cu-WGHGGHHG-PCV,394,3.0605244905342626,0.0025995363414904014
Cu-WGHGGHHG-PCV,396,3.1152585824764105,0.002245548623534183
Cu-WGHGGHHG-PCV,398,2.9048418226701416,0.003945626500977028
Cu-WGHGGHHG-PCV,400,2.805946725380804,0.0051457763040194514
Cu-WGHGGHHG-PCV,402,2.72577140782794,0.006382895804854408
Cu-WGHGGHHG-PCV,404,2.878234260894944,0.0042377390798034415
Cu-WGHGGHHG-PCV,406,2.703517299587867,0.0067762985926490904
Cu-WGHGGHHG-PCV,408,2.6223867206767086,0.008427072960223346
Cu-WGHGGHHG-PCV,410,2.7928889890616118,0.005329507934133011
Cu-WGHGGHHG-PCV,412,2.8442033968110887,0.004643234854584305
Cu-WGHGGHHG-PCV,414,2.6977799228448007,0.006881595428537814
Cu-WGHGGHHG-PCV,416,2.6699902248289358,0.00741522085899123
Cu-WGHGGHHG-PCV,418,2.8935550676321053,0.004066983402331525
Cu-WGHGGHHG-PCV,420,2.8457410531322904,0.0046240991969696416
Cu-WGHGGHHG-PCV,422,2.8407803743774975,0.004686119195730661
Cu-WGHGGHHG-PCV,424,2.894617468544769,0.004055402139334624
Cu-WGHGGHHG-PCV,426,2.981367943524998,0.0032134552530792924
Cu-WGHGGHHG-PCV,428,3.1268249215584856,0.002177204152471976
Cu-WGHGGHHG-PCV,430,3.180660851788961,0.001885706053213529
Cu-WGHGGHHG-PCV,432,3.2542918382979225,0.0015497117531971458
Cu-WGHGGHHG-PCV,434,3.16897798308686,0.0019454183254897274
Cu-WGHGGHHG-PCV,436,3.147101934093364,0.0020624166552416128
Cu-WGHGGHHG-PCV,438,3.1569835665163573,0.0020087117831687614
Cu-WGHGGHHG-PCV,440,3.2002863722564245,0.0017895364434097713
Cu-WGHGGHHG-PCV,442,3.1719098039199363,0.0019302562469789408
Cu-WGHGGHHG-PCV,444,3.245315840176405,0.001587193561641655
Cu-WGHGGHHG-PCV,446,3.2709250064065336,0.0014826058834747553
Cu-WGHGGHHG-PCV,448,3.3066999308648737,0.0013480649242942292
Cu-WGHGGHHG-PCV,450,3.1800030191404174,0.0018890185562397987
Cu-WGHGGHHG-PCV,452,3.170651165723528,0.0019367506847087581
Cu-WGHGGHHG-PCV,454,3.1009541454695686,0.002333076039396184
Cu-WGHGGHHG-PCV,456,2.969969419911451,0.003313164345664766
Cu-WGHGGHHG-PCV,458,2.959970948197326,0.003403187645677212
Cu-WGHGGHHG-PCV,460,3.063930088763422,0.002575952869305751
Cu-WGHGGHHG-PCV,462,2.9746407866949953,0.0032719300854639594
Cu-WGHGGHHG-PCV,464,2.950880479880003,0.003487170637616682
Cu-WGHGGHHG-PCV,466,2.8376322250366006,0.004725910690625292
Cu-WGHGGHHG-PCV,468,2.7372591823141117,0.00618884423413424
Cu-WGHGGHHG-PCV,470,2.6403602946581017,0.008029778142849546
Cu-WGHGGHHG-PCV,472,2.5653386931345294,0.00982254395013654
Cu-WGHGGHHG-PCV,474,2.4585557296060565,0.013080957786944647
Cu-WGHGGHHG-PCV,476,2.471462353557703,0.01263617389551429
Cu-WGHGGHHG-PCV,478,2.5077057286204605,0.01146578970607433
Cu-WGHGGHHG-PCV,480,2.33447739169582,0.018230229564276074
Cu-WGHGGHHG-PCV,482,2.3068789657463196,0.01962320848780515
Cu-WGHGGHHG-PCV,484,2.350616657147087,0.01746125601335222
Cu-WGHGGHHG-PCV,486,2.3516400257718035,0.01741358925563592
Cu-WGHGGHHG-PCV,488,2.346180421486897,0.017669380276556384
Cu-WGHGGHHG-PCV,490,2.3521943569941515,0.017387823057393302
Cu-WGHGGHHG-PCV,492,2.427602751757142,0.014211856711887072
Cu-WGHGGHHG-PCV,494,2.3414656905148017,0.017893250866544166
Cu-WGHGGHHG-PCV,496,2.5932535624667903,0.009113091635241962
Cu-WGHGGHHG-PCV,498,2.5462511493939646,0.010339034931652105
Cu-WGHGGHHG-PCV,500,2.7935957082968446,0.005319397629315278
Cu-WGHGGHHG-PCV,502,2.6797893240102915,0.007222494684124845
Cu-WGHGGHHG-PCV,504,2.9213100012519146,0.003775056929131967
Cu-WGHGGHHG-PCV,506,3.0217112516861797,0.0028842008306683344
Cu-WGHGGHHG-PCV,508,3.1984072527270695,0.001798525872661802
Cu-WGHGGHHG-PCV,510,3.394414927832567,0.001068133822387846
Cu-WGHGGHHG-PCV,512,3.4494214071644183,0.0009234183399022932
Cu-WGHGGHHG-PCV,514,3.507378603285571,0.0007923632091136096
Cu-WGHGGHHG-PCV,516,3.662098090274989,0.000527525618996908
Cu-WGHGGHHG-PCV,518,3.7407909978890665,0.00042937775559842627
Cu-WGHGGHHG-PCV,520,4.039562915715561,0.00019790459577518046
Cu-WGHGGHHG-PCV,522,4.001773447112914,0.00021813447778736055
Cu-WGHGGHHG-PCV,524,4.010757541563231,0.00021314143359821
Cu-WGHGGHHG-PCV,526,4.090362207809869,0.00017368689824037107
Cu-WGHGGHHG-PCV,528,4.242719632035252,0.00011767031499981443
Cu-WGHGGHHG-PCV,530,4.295834251685659,0.0001028125264814763
Cu-WGHGGHHG-PCV,532,4.206432310954443,0.00012906694775729647
Cu-WGHGGHHG-PCV,534,4.5351286576497785,5.6249136244424044e-05
Cu-WGHGGHHG-PCV,536,4.606583045485675,4.7054585921965447e-05
Cu-WGHGGHHG-PCV,538,4.578084394132937,5.0521753067708486e-05
Cu-WGHGGHHG-PCV,540,4.576865586671631,5.06757360360587e-05
Cu-WGHGGHHG-PCV,542,4.608141228713344,4.687219136796453e-05
Cu-WGHGGHHG-PCV,544,4.704945893755101,3.684945408321667e-05
Cu-WGHGGHHG-PCV,546,4.73864750081673,3.389979357856758e-05
Cu-WGHGGHHG-PCV,548,4.728731975321692,3.474161952648826e-05
Cu-WGHGGHHG-PCV,550,4.700887331322051,3.722198388271834e-05
Cu-WGHGGHHG-PCV,552,5.031541504590908,1.6534361219415695e-05
Cu-WGHGGHHG-PCV,554,4.617558294346318,4.578516654438898e-05
Cu-WGHGGHHG-PCV,556,4.889748593013098,2.336915826249313e-05
Cu-WGHGGHHG-PCV,558,5.022782092136474,1.6890081607245737e-05
Cu-WGHGGHHG-PCV,560,4.8817357415873515,2.383269382382147e-05
Cu-WGHGGHHG-PCV,562,4.811486823815325,2.832269400758767e-05
Cu-WGHGGHHG-PCV,564,4.635871661608745,4.374451798914457e-05
Cu-WGHGGHHG-PCV,566,4.687055600588167,3.852080320732093e-05
Cu-WGHGGHHG-PCV,568,4.722695358293557,3.526458343826527e-05
Cu-WGHGGHHG-PCV,570,4.687395530358329,3.848833340661344e-05
Cu-WGHGGHHG-PCV,572,4.486099726160942,6.36048152869773e-05
Cu-WGHGGHHG-PCV,574,4.347173466015266,9.02712628757341e-05
Cu-WGHGGHHG-PCV,576,4.898844835202565,2.2854131985195114e-05
Cu-WGHGGHHG-PCV,578,4.694524527974135,3.78137970988488e-05
Cu-WGHGGHHG-PCV,580,4.695372741539084,3.77343501765023e-05
Cu-WGHGGHHG-PCV,582,4.905955235485931,2.245965352964934e-05
Cu-WGHGGHHG-PCV,584,4.8145327306543955,2.811109098875389e-05
Cu-WGHGGHHG-PCV,586,4.714102116730412,3.60229761901321e-05
Cu-WGHGGHHG-PCV,588,4.535345999519257,5.621854389121183e-05
Cu-WGHGGHHG-PCV,590,4.492848771689768,6.253653201214503e-05
Cu-WGHGGHHG-PCV,592,4.57184209916156,5.131548585193012e-05
Cu-WGHGGHHG-PCV,594,4.531805407484176,5.671903384654576e-05
Cu-WGHGGHHG-PCV,596,4.8171754079476266,2.7928813356434203e-05
Cu-WGHGGHHG-PCV,598,4.750514499061569,3.2919691508906846e-05
Cu-WGHGGHHG-PCV,600,4.872976594329446,2.4350194119413336e-05
Cu-WGHGGHHG-PCV,602,5.154981146887047,1.2264377053535231e-05
Cu-WGHGGHHG-PCV,604,5.117167555237049,1.3436440866358012e-05
Cu-WGHGGHHG-PCV,606,5.175325384733116,1.1677713961428071e-05
Cu-WGHGGHHG-PCV,608,5.303478469580948,8.587795490394775e-06
Cu-WGHGGHHG-PCV,610,5.273313844210715,9.230027927136279e-06
Cu-WGHGGHHG-PCV,612,5.1790894968325025,1.1572365022384559e-05
Cu-WGHGGHHG-PCV,614,5.48756276522703,5.546523814329527e-06
Cu-WGHGGHHG-PCV,616,5.461950322543408,5.8925764208453725e-06
Cu-WGHGGHHG-PCV,618,5.422857429051225,6.464065163427536e-06
Cu-WGHGGHHG-PCV,620,5.247152357426667,9.826880269411725e-06
Cu-WGHGGHHG-PCV,622,5.635320311699199,3.919373327324404e-06
Cu-WGHGGHHG-PCV,624,5.4919108785981825,5.489880960113673e-06
Cu-WGHGGHHG-PCV,626,5.549176372895968,4.796949219430602e-06
Cu-WGHGGHHG-PCV,628,5.915425975793431,2.0473600815257496e-06
Cu-WGHGGHHG-PCV,630,6.17432866705994,1.1349188639588176e-06
Cu-WGHGGHHG-PCV,632,5.382987062766766,7.105717952742398e-06
Cu-WGHGGHHG-PCV,634,5.50515323267498,5.321004158427397e-06
Cu-WGHGGHHG-PCV,636,5.752775757575757,2.980880610977129e-06
Cu-WGHGGHHG-PCV,638,5.768972875431682,2.8709241381527666e-06
Cu-WGHGGHHG-PCV,640,5.759249512981125,2.93642252655459e-06
Cu-WGHGGHHG-PCV,642,5.1288134533376235,1.3063703212030922e-05
Cu-WGHGGHHG-PCV,644,5.494594910494597,5.455212895269269e-06
Cu-WGHGGHHG-PCV,646,5.520960936246394,5.1263760017687995e-06
Cu-WGHGGHHG-PCV,648,5.49152949735075,5.494825361785907e-06
Cu-WGHGGHHG-PCV,650,5.9001420418921064,2.1205729096523754e-06
Cu-WGHGGHHG-PCV,652,5.676809926580587,3.5573381657352755e-06
Cu-WGHGGHHG-PCV,654,5.396759471547553,6.876989370469671e-06
Cu-WGHGGHHG-PCV,656,5.572945654493747,4.53633570201091e-06
Cu-WGHGGHHG-PCV,658,5.329760035424972,8.065673002688395e-06
Cu-WGHGGHHG-PCV,660,5.438556231328448,6.228023067371009e-06
Cu-WGHGGHHG-PCV,662,5.313542672780186,8.383874033096818e-06
Cu-WGHGGHHG-PCV,664,5.646618124029847,3.81719136172238e-06
Cu-WGHGGHHG-PCV,666,5.7437910479101335,3.0437312861392086e-06
Cu-WGHGGHHG-PCV,668,5.5683736926976675,4.5853098155592566e-06
Cu-WGHGGHHG-PCV,670,5.650641424079713,3.7814672228760858e-06
Cu-WGHGGHHG-PCV,672,5.1981737871137605,1.1053047284619112e-05
Cu-WGHGGHHG-PCV,674,5.493106382514868,5.474411482137573e-06
Cu-WGHGGHHG-PCV,676,5.206025265245197,1.0846393361052103e-05
Cu-WGHGGHHG-PCV,678,4.557212223374184,5.322612850313484e-05
Cu-WGHGGHHG-PCV,680,5.018430863604444,1.7069693110608355e-05
Cu-WGHGGHHG-PCV,682,4.604271495041309,4.732650593834551e-05
Cu-WGHGGHHG-PCV,684,5.39109878094307,6.970071759264657e-06
Cu-WGHGGHHG-PCV,686,5.050501783129412,1.5790454087686658e-05
Cu-WGHGGHHG-PCV,688,4.5316464306363295,5.6741613113145476e-05
Cu-WGHGGHHG-PCV,690,5.002098448982457,1.7761524268950462e-05
Cu-WGHGGHHG-PCV,692,4.06371009264873,0.00018599028227680035
Cu-WGHGGHHG-PCV,694,4.553917430599115,5.366637798103447e-05
Cu-WGHGGHHG-PCV,696,4.572946868925501,5.11740860311789e-05
Cu-WGHGGHHG-PCV,698,4.778065954436916,3.075455614321723e-05
Cu-WGHGGHHG-PCV,700,4.5696194590706245,5.160117502034451e-05
Cu-WGHGGHHG-PCV,702,4.480946771982314,6.443301507645188e-05
Cu-WGHGGHHG-PCV,704,4.725093144932243,3.505589995793366e-05
Cu-WGHGGHHG-PCV,706,4.266697220949125,0.00011070882389108625
Cu-WGHGGHHG-PCV,708,5.140217992618082,1.2708963773783414e-05
Cu-WGHGGHHG-PCV,710,4.382962047396976,8.246361478766969e-05
Cu-WGHGGHHG-PCV,712,4.338904197755031,9.218037499461532e-05
Cu-WGHGGHHG-PCV,714,4.99119223227883,1.8239455209536294e-05
Cu-WGHGGHHG-PCV,716,4.13374407442668,0.00015540902572416354
Cu-WGHGGHHG-PCV,718,4.629729620280501,4.441833472437689e-05
Cu-WGHGGHHG-PCV,720,3.7600118453959674,0.000408367873971927
Cu-WGHGGHHG-PCV,722,3.929892448642805,0.0002626345415293013
Cu-WGHGGHHG-PCV,724,4.366586190456496,8.594669716384837e-05
Cu-WGHGGHHG-PCV,726,4.302067586304117,0.00010119937985177684
Cu-WGHGGHHG-PCV,728,3.6538341792847766,0.0005390768896116882
Cu-WGHGGHHG-PCV,730,3.8287714544625864,0.00034140520938037065
Cu-WGHGGHHG-PCV,732,3.4390384317314586,0.0009491244245929178
Cu-WGHGGHHG-PCV,734,3.882460131248287,0.0002969724225106798
Cu-WGHGGHHG-PCV,736,4.40343364715595,7.83114729808826e-05
Cu-WGHGGHHG-PCV,738,3.854217086229674,0.00031955887999196087
Cu-WGHGGHHG-PCV,740,3.998121712997746,0.00022019793967243559
Cu-WGHGGHHG-PCV,742,4.22212984092727,0.00012400452897880408
Cu-WGHGGHHG-PCV,744,3.792986460921804,0.00037473016385680094
Cu-WGHGGHHG-PCV,746,4.260207393021168,0.00011255043340087149
Cu-WGHGGHHG-PCV,748,3.73283773880195,0.0004383900924432164
Cu-WGHGGHHG-PCV,750,4.121935960871297,0.00016018042551318166
Cu-WGHGGHHG-PCV,752,4.4821687795112615,6.423561733030689e-05
Cu-WGHGGHHG-PCV,754,3.6011031739606083,0.0006190947700657031
Cu-WGHGGHHG-PCV,756,3.9425140430126158,0.00025419857912726645
Cu-WGHGGHHG-PCV,758,4.615201539817415,4.605476540294469e-05
Cu-WGHGGHHG-PCV,760,3.854840212628543,0.0003190421357532345
Cu-WGHGGHHG-PCV,762,4.01258103567267,0.00021214231663060402
Cu-WGHGGHHG-PCV,764,4.129962505954075,0.0001569210713890964
Cu-WGHGGHHG-PCV,766,4.142429442518031,0.00015199227572284505
Cu-WGHGGHHG-PCV,768,3.95331453220308,0.0002471993628677823
Cu-WGHGGHHG-PCV,770,3.111214584023579,0.0022699519010848483
Cu-WGHGGHHG-PCV,772,3.0396251560975096,0.0027491069866694964
Cu-WGHGGHHG-PCV,774,3.67485905515475,0.0005101806877948716
Cu-WGHGGHHG-PCV,776,4.060705200040362,0.00018743211922895363
Cu-WGHGGHHG-PCV,778,3.0861024519197082,0.0024275983364133802
Cu-WGHGGHHG-PCV,780,4.4567511690786805,6.847187150138797e-05
Cu-WGHGGHHG-PCV,782,3.6893334193446345,0.0004912075233326155
Cu-WGHGGHHG-PCV,784,4.136660846068545,0.00015425293287854854
Cu-WGHGGHHG-PCV,786,3.1982808371047584,0.0017991322625552802
Cu-WGHGGHHG-PCV,788,3.58414414475787,0.00064731751052872
Cu-WGHGGHHG-PCV,790,4.145830870473265,0.00015067517104346847
Cu-WGHGGHHG-PCV,792,3.948418645879165,0.00025034744597697594
Cu-WGHGGHHG-PCV,794,3.274550984510213,0.0014683718136678933
Cu-WGHGGHHG-PCV,796,4.5018602577759745,6.113868618744313e-05
Cu-WGHGGHHG-PCV,798,3.772823127947548,0.0003949481654864696
Cu-WGHGGHHG-PCV,800,3.537961141076479,0.0007309869278747396
Cu-FHFPHHF-CAS,350,85.61953650733008,2.0061834746853255e-32
Cu-FHFPHHF-CAS,352,74.85539678804513,8.413109399893035e-31
Cu-FHFPHHF-CAS,354,74.74234388451379,8.772360482182702e-31
Cu-FHFPHHF-CAS,356,72.19601414979394,2.2855204451150346e-30
Cu-FHFPHHF-CAS,358,67.82005245816144,1.2769996536184223e-29
Cu-FHFPHHF-CAS,360,66.99808609676646,1.7842173098351325e-29
Cu-FHFPHHF-CAS,362,69.50420878019767,6.509205949181804e-30
Cu-FHFPHHF-CAS,364,68.19010837280717,1.099814193821061e-29
Cu-FHFPHHF-CAS,366,63.417233361239944,8.013738654818433e-29
Cu-FHFPHHF-CAS,368,65.3778249665341,3.4882245633867934e-29
Cu-FHFPHHF-CAS,370,68.54949646486993,9.51974451458325e-30
Cu-FHFPHHF-CAS,372,67.30289979367092,1.575406074445026e-29
Cu-FHFPHHF-CAS,374,64.98762461326923,4.108698639691309e-29
Cu-FHFPHHF-CAS,376,67.34365001686098,1.5494689424589345e-29
Cu-FHFPHHF-CAS,378,64.26117355574559,5.586180573438477e-29
Cu-FHFPHHF-CAS,380,60.66647243352829,2.679971655911359e-28
Cu-FHFPHHF-CAS,382,62.982001220256315,9.66941010114645e-29
Cu-FHFPHHF-CAS,384,58.77935062379984,6.315420274411204e-28
Cu-FHFPHHF-CAS,386,58.63256542377823,6.757852658415086e-28
Cu-FHFPHHF-CAS,388,54.02204183847499,6.150462358072192e-27
Cu-FHFPHHF-CAS,390,51.039732667570455,2.81245281111771e-26
Cu-FHFPHHF-CAS,392,50.714297878282785,3.3357066300584495e-26
Cu-FHFPHHF-CAS,394,50.186144190987356,4.409129106434311e-26
Cu-FHFPHHF-CAS,396,48.11310475721854,1.3524158963692002e-25
Cu-FHFPHHF-CAS,398,46.39494119623068,3.538062182568845e-25
Cu-FHFPHHF-CAS,400,44.67508207856909,9.564317993179238e-25
Cu-FHFPHHF-CAS,402,41.14781831612335,8.199207686338152e-24
Cu-FHFPHHF-CAS,404,40.97686806095307,9.135540594847408e-24
Cu-FHFPHHF-CAS,406,39.55634812563687,2.2784492606461815e-23
Cu-FHFPHHF-CAS,408,36.997772249395666,1.271815048368809e-22
Cu-FHFPHHF-CAS,410,35.94638961038966,2.6552521573736875e-22
Cu-FHFPHHF-CAS,412,36.0424376743051,2.480704533147669e-22
Cu-FHFPHHF-CAS,414,34.221091366905256,9.25214811765447e-22
Cu-FHFPHHF-CAS,416,34.00241677738438,1.0878991003692421e-21
Cu-FHFPHHF-CAS,418,33.401484032474436,1.7055910870057375e-21
Cu-FHFPHHF-CAS,420,32.71936047146131,2.8650728256057618e-21
Cu-FHFPHHF-CAS,422,32.16275950318098,4.404136759610814e-21
Cu-FHFPHHF-CAS,424,32.45347456289091,3.515614662898087e-21
Cu-FHFPHHF-CAS,426,32.54140171895743,3.2850882142528326e-21
Cu-FHFPHHF-CAS,428,34.0175645516696,1.075730487628767e-21
Cu-FHFPHHF-CAS,430,35.162492901917915,4.652073734305841e-22
Cu-FHFPHHF-CAS,432,32.56675909730808,3.2215509653102382e-21
Cu-FHFPHHF-CAS,434,33.25105588841962,1.9108180339066148e-21
Cu-FHFPHHF-CAS,436,31.309984041525915,8.614152761018527e-21
Cu-FHFPHHF-CAS,438,32.759294416261156,2.778693961801203e-21
Cu-FHFPHHF-CAS,440,33.65040082760939,1.4145883296437171e-21
Cu-FHFPHHF-CAS,442,31.177011169235158,9.577074794163563e-21
Cu-FHFPHHF-CAS,444,33.783196789894006,1.2808308197009813e-21
Cu-FHFPHHF-CAS,446,32.08709136805213,4.671457319269383e-21
Cu-FHFPHHF-CAS,448,32.715742389889286,2.87303473915157e-21
Cu-FHFPHHF-CAS,450,31.78113042126644,5.935318333043045e-21
Cu-FHFPHHF-CAS,452,32.20223059884197,4.2710157505011945e-21
Cu-FHFPHHF-CAS,454,31.857287089572445,5.590905758292451e-21
Cu-FHFPHHF-CAS,456,33.24896788757601,1.9138397114435897e-21
Cu-FHFPHHF-CAS,458,30.832640601790693,1.2623290953139833e-20
Cu-FHFPHHF-CAS,460,31.019776360779975,1.0860740879380066e-20
Cu-FHFPHHF-CAS,462,32.3150179348294,3.91306308689112e-21
Cu-FHFPHHF-CAS,464,33.16159035068119,2.044818980195562e-21
Cu-FHFPHHF-CAS,466,34.0537132147685,1.0472561944820892e-21
Cu-FHFPHHF-CAS,468,35.08202889825408,4.930644182260883e-22
Cu-FHFPHHF-CAS,470,32.34921896822157,3.810757961940503e-21
Cu-FHFPHHF-CAS,472,34.00978446826515,1.0819627715301595e-21
Cu-FHFPHHF-CAS,474,32.32908866025753,3.87063418389865e-21
Cu-FHFPHHF-CAS,476,33.11990621083789,2.11053340939231e-21
Cu-FHFPHHF-CAS,478,33.157253892882714,2.0515556994419286e-21
Cu-FHFPHHF-CAS,480,35.17930084064498,4.595966450870591e-22
Cu-FHFPHHF-CAS,482,33.28124785267643,1.8676721095502183e-21
Cu-FHFPHHF-CAS,484,35.010207722719144,5.193846116241895e-22
Cu-FHFPHHF-CAS,486,36.82539565994727,1.4331902706302232e-22
Cu-FHFPHHF-CAS,488,35.10019979630006,4.866264201565709e-22
Cu-FHFPHHF-CAS,490,37.60441659549,8.38422576114057e-23
Cu-FHFPHHF-CAS,492,35.130649284662326,4.760321037153016e-22
Cu-FHFPHHF-CAS,494,39.48614379916457,2.385454438958337e-23
Cu-FHFPHHF-CAS,496,37.382546006863954,9.757902262894801e-23
Cu-FHFPHHF-CAS,498,37.086382706187926,1.1962856846210607e-22
Cu-FHFPHHF-CAS,500,37.906306227395,6.828645887378892e-23
Cu-FHFPHHF-CAS,502,39.834904513856536,1.90043237886315e-23
Cu-FHFPHHF-CAS,504,39.336210095835476,2.6317278047081765e-23
Cu-FHFPHHF-CAS,506,39.4102192560118,2.5070395672865811e-23
Cu-FHFPHHF-CAS,508,39.792401794360934,1.9536341384590222e-23
Cu-FHFPHHF-CAS,510,38.94179358246207,3.413172817234966e-23
Cu-FHFPHHF-CAS,512,41.5175654696056,6.4978693611465476e-24
Cu-FHFPHHF-CAS,514,38.89513253759108,3.5203156200361495e-23
Cu-FHFPHHF-CAS,516,42.08106457209885,4.5743616108916174e-24
Cu-FHFPHHF-CAS,518,40.707594959858106,1.0840548513959182e-23
Cu-FHFPHHF-CAS,520,41.119030910106844,8.349651926710025e-24
Cu-FHFPHHF-CAS,522,40.64489582026324,1.1282789888187761e-23
Cu-FHFPHHF-CAS,524,39.913360145132685,1.8061236119740862e-23
Cu-FHFPHHF-CAS,526,41.498029386827206,6.577911146170866e-24
Cu-FHFPHHF-CAS,528,39.29507622408171,2.703782213898213e-23
Cu-FHFPHHF-CAS,530,40.483163980607344,1.2511713925389188e-23
Cu-FHFPHHF-CAS,532,43.025488493776834,2.5630834309072275e-24
Cu-FHFPHHF-CAS,534,39.25648250958726,2.773241004074883e-23
Cu-FHFPHHF-CAS,536,38.56482317903367,4.3853103699353836e-23
Cu-FHFPHHF-CAS,538,38.844568427961825,3.640351583356736e-23
Cu-FHFPHHF-CAS,540,37.15347709564117,1.1421891135970492e-22
Cu-FHFPHHF-CAS,542,37.36692315899218,9.862995686820072e-23
Cu-FHFPHHF-CAS,544,38.053474432493935,6.181654249174706e-23
Cu-FHFPHHF-CAS,546,35.28856353178452,4.24787495120767e-22
Cu-FHFPHHF-CAS,548,36.68558267366024,1.5795552953976295e-22
Cu-FHFPHHF-CAS,550,35.10225007998833,4.85905472144023e-22
Cu-FHFPHHF-CAS,552,32.282592702976935,4.012677776662152e-21
Cu-FHFPHHF-CAS,554,32.835568953913956,2.621106089415899e-21
Cu-FHFPHHF-CAS,556,33.76204168813748,1.3012310383599712e-21
Cu-FHFPHHF-CAS,558,32.347087095472446,3.8170535100331e-21
Cu-FHFPHHF-CAS,560,31.236607785477783,9.132447978122419e-21
Cu-FHFPHHF-CAS,562,30.195453984771873,2.1185302885194018e-20
Cu-FHFPHHF-CAS,564,31.445496067086513,7.735337886409934e-21
Cu-FHFPHHF-CAS,566,29.520216432568635,3.7035122562945967e-20
Cu-FHFPHHF-CAS,568,28.40416761172376,9.542632503158394e-20
Cu-FHFPHHF-CAS,570,29.730554436064256,3.1086163543112034e-20
Cu-FHFPHHF-CAS,572,27.87559644974091,1.5098673128828606e-19
Cu-FHFPHHF-CAS,574,28.28473908221684,1.0578606890829233e-19
Cu-FHFPHHF-CAS,576,26.607728317042685,4.673472387099982e-19
Cu-FHFPHHF-CAS,578,26.158371520746233,7.04781362389386e-19
Cu-FHFPHHF-CAS,580,24.027785049175424,5.3536197971932444e-18
Cu-FHFPHHF-CAS,582,23.71009172872768,7.33095813456462e-18
Cu-FHFPHHF-CAS,584,22.210483106799096,3.3837375048810494e-17
Cu-FHFPHHF-CAS,586,21.094778684112473,1.1124641071004804e-16
Cu-FHFPHHF-CAS,588,19.755799279118968,4.950253284775298e-16
Cu-FHFPHHF-CAS,590,19.78778414560389,4.7726858665394e-16
Cu-FHFPHHF-CAS,592,18.557068225515124,2.0108200122751772e-15
Cu-FHFPHHF-CAS,594,16.459719065326333,2.759659361761621e-14
Cu-FHFPHHF-CAS,596,14.608103813078355,3.4121282174860235e-13
Cu-FHFPHHF-CAS,598,14.16721761885721,6.409440430556279e-13
Cu-FHFPHHF-CAS,600,12.741588890889354,5.401615290966306e-12
Cu-FHFPHHF-CAS,602,10.862900245763653,1.1438755959144632e-10
Cu-FHFPHHF-CAS,604,10.39688070090275,2.5603569862651757e-10
Cu-FHFPHHF-CAS,606,9.434448309729984,1.4470152521015708e-09
Cu-FHFPHHF-CAS,608,8.434319582055878,9.723861667573541e-09
Cu-FHFPHHF-CAS,610,7.950174169163392,2.5498928472548715e-08
Cu-FHFPHHF-CAS,612,7.63543756752585,4.846699492266649e-08
Cu-FHFPHHF-CAS,614,5.933252551206611,1.965239848357965e-06
Cu-FHFPHHF-CAS,616,5.6514543396297,3.7742908956853434e-06
Cu-FHFPHHF-CAS,618,5.120829952129601,1.3318061024639989e-05
Cu-FHFPHHF-CAS,620,4.656325746546618,4.157509072360859e-05
Cu-FHFPHHF-CAS,622,3.7544248727243152,0.00041436467099792787
Cu-FHFPHHF-CAS,624,3.618209235032807,0.0005918931887626393
Cu-FHFPHHF-CAS,626,3.7626034490332643,0.00040561623465684005
Cu-FHFPHHF-CAS,628,2.8170463416365052,0.004994598869999789
Cu-FHFPHHF-CAS,630,2.5947815545656603,0.009075766006553463
Cu-FHFPHHF-CAS,632,2.674046690222831,0.0073348239186899365
Cu-FHFPHHF-CAS,634,2.4091520861372793,0.014931460589176665
Cu-FHFPHHF-CAS,636,1.957765589466244,0.04928358824696934
Cu-FHFPHHF-CAS,638,1.9101793682006847,0.055754420451534926
Cu-FHFPHHF-CAS,640,1.6364191969902038,0.11155626007747112
Cu-FHFPHHF-CAS,642,1.7559794725663218,0.08272083285340716
Cu-FHFPHHF-CAS,644,1.2867605435131584,0.25423346842945427
Cu-FHFPHHF-CAS,646,1.1697685757123644,0.3270213089404149
Cu-FHFPHHF-CAS,648,1.2752642097450526,0.26076927691504403
Cu-FHFPHHF-CAS,650,0.8551461005232034,0.5873532888882486
Cu-FHFPHHF-CAS,652,1.0234977333207125,0.4375915690212516
Cu-FHFPHHF-CAS,654,0.9581302339590413,0.49341872558261635
Cu-FHFPHHF-CAS,656,0.73825960535328,0.697826938882993
Cu-FHFPHHF-CAS,658,0.9613777861628432,0.49056451191981776
Cu-FHFPHHF-CAS,660,0.8352199175421413,0.6060923745304698
Cu-FHFPHHF-CAS,662,0.7067169142097093,0.7272591598747395
Cu-FHFPHHF-CAS,664,0.6583876486000731,0.7711933073383497
Cu-FHFPHHF-CAS,666,0.6419154924974342,0.7857213650904182
Cu-FHFPHHF-CAS,668,0.5457387844047549,0.8638660150875226
Cu-FHFPHHF-CAS,670,0.5743880204035275,0.8419785147800889
Cu-FHFPHHF-CAS,672,0.6062240460448169,0.8161902281967168
Cu-FHFPHHF-CAS,674,0.49202725295270205,0.9009783092932355
Cu-FHFPHHF-CAS,676,0.4846798082772817,0.9056181306498257
Cu-FHFPHHF-CAS,678,0.8972995514731469,0.5482014663163567
Cu-FHFPHHF-CAS,680,0.5838809971515262,0.834440902118982
Cu-FHFPHHF-CAS,682,0.7836839584579576,0.6548971604579183
Cu-FHFPHHF-CAS,684,0.5750726412489604,0.8414394576882406
Cu-FHFPHHF-CAS,686,0.6301385009189581,0.795937783728796
Cu-FHFPHHF-CAS,688,0.799854460420186,0.6395598360647474
Cu-FHFPHHF-CAS,690,0.601216596803772,0.8203399328783952
Cu-FHFPHHF-CAS,692,1.122028893142087,0.36076389684351706
Cu-FHFPHHF-CAS,694,0.6274100711881818,0.7982828451846951
Cu-FHFPHHF-CAS,696,0.8117623779707025,0.6282719624887732
Cu-FHFPHHF-CAS,698,0.6383910469548281,0.788794425735249
Cu-FHFPHHF-CAS,700,0.4900684534808684,0.902226054939066
Cu-FHFPHHF-CAS,702,0.7360580761108513,0.6998946760085054
Cu-FHFPHHF-CAS,704,0.7118985468521974,0.7224566102253959
Cu-FHFPHHF-CAS,706,0.5968259112850216,0.8239509203130709
Cu-FHFPHHF-CAS,708,0.8912262455338351,0.5537919699367786
Cu-FHFPHHF-CAS,710,0.976289243674325,0.47756186642309517
Cu-FHFPHHF-CAS,712,0.8921022600526168,0.5529844291536539
Cu-FHFPHHF-CAS,714,1.1555817091023923,0.3368043287124847
Cu-FHFPHHF-CAS,716,1.0328762985214877,0.42988157788320447
Cu-FHFPHHF-CAS,718,1.0977715377086297,0.37879774748698236
Cu-FHFPHHF-CAS,720,1.0076287349014632,0.45081572556664934
Cu-FHFPHHF-CAS,722,1.0851907206446165,0.3883824058456543
Cu-FHFPHHF-CAS,724,1.0643245451403094,0.40462162066792834
Cu-FHFPHHF-CAS,726,0.9563920424061647,0.4949495969116794
Cu-FHFPHHF-CAS,728,1.1344968509393436,0.3517263488329695
Cu-FHFPHHF-CAS,730,0.8923606104920593,0.5527463467422224
Cu-FHFPHHF-CAS,732,0.9800038393192075,0.47434972571961287
Cu-FHFPHHF-CAS,734,0.9922693704567618,0.46382227220183236
Cu-FHFPHHF-CAS,736,1.0093053271436607,0.44940815014894236
Cu-FHFPHHF-CAS,738,0.9668141360431282,0.48580431077165576
Cu-FHFPHHF-CAS,740,0.908729441532623,0.5377336593847337
Cu-FHFPHHF-CAS,742,0.6801620120905101,0.7516135426261646
Cu-FHFPHHF-CAS,744,0.9368393514270491,0.5123190751228867
Cu-FHFPHHF-CAS,746,1.3019470743047992,0.2458012501098121
Cu-FHFPHHF-CAS,748,0.8936981518817876,0.5515142806910334
Cu-FHFPHHF-CAS,750,0.9607740315514883,0.49109454663205765
Cu-FHFPHHF-CAS,752,0.8438687712423616,0.5979446296502257
Cu-FHFPHHF-CAS,754,0.8511875463145763,0.5910664635645088
Cu-FHFPHHF-CAS,756,1.1459129106187944,0.34359045721290044
Cu-FHFPHHF-CAS,758,1.101014574442387,0.3763525427312939
Cu-FHFPHHF-CAS,760,0.9584289106201463,0.4931558973850242
Cu-FHFPHHF-CAS,762,0.9841909301062294,0.4707422216104059
Cu-FHFPHHF-CAS,764,0.9618883618168813,0.4901164915683319
Cu-FHFPHHF-CAS,766,1.0004817472370093,0.45684304810624443
Cu-FHFPHHF-CAS,768,0.7210915773233362,0.7139021536121759
Cu-FHFPHHF-CAS,770,1.4770169711470205,0.16419688092776186
Cu-FHFPHHF-CAS,772,1.101374641804062,0.3760817045769819
Cu-FHFPHHF-CAS,774,1.1405742039089726,0.3473785899273084
Cu-FHFPHHF-CAS,776,0.8533443312727635,0.5890427266364191
Cu-FHFPHHF-CAS,778,1.0820090520244672,0.3908311122307913
Cu-FHFPHHF-CAS,780,1.5605746966560583,0.1343425396291351
Cu-FHFPHHF-CAS,782,0.9178149169691298,0.5294659606288415
Cu-FHFPHHF-CAS,784,1.0915076640629788,0.38355026273585047
Cu-FHFPHHF-CAS,786,0.9580075097316471,0.49352673902173894
Cu-FHFPHHF-CAS,788,1.2598797115596532,0.2697230689555519
Cu-FHFPHHF-CAS,790,0.9782255874865528,0.4758860752152564
Cu-FHFPHHF-CAS,792,1.3569759289553631,0.2171286482264097
Cu-FHFPHHF-CAS,794,1.1067523790240943,0.3720520803084171
Cu-FHFPHHF-CAS,796,1.2323449957044257,0.2863471637242367
Cu-FHFPHHF-CAS,798,0.9123233691469372,0.5344574152084333
Cu-FHFPHHF-CAS,800,1.0447422059706122,0.4202419142969529
Cu-WDHHHD-PCV,350,4.779720175211911,3.062929699919217e-05
Cu-WDHHHD-PCV,352,4.596757231118075,4.82216143125524e-05
Cu-WDHHHD-PCV,354,4.321160834479222,9.641728839275721e-05
Cu-WDHHHD-PCV,356,4.125532084021334,0.00015871167961374694
Cu-WDHHHD-PCV,358,4.166494926338663,0.00014292023743797422
Cu-WDHHHD-PCV,360,4.0289530077765345,0.00020338313708123635
Cu-WDHHHD-PCV,362,3.9152568710294413,0.0002727748287869499
Cu-WDHHHD-PCV,364,3.8910840352843286,0.00029040515824539854
Cu-WDHHHD-PCV,366,3.92278729104295,0.00026750846627344934
Cu-WDHHHD-PCV,368,3.82783603092535,0.00034223670538644825
Cu-WDHHHD-PCV,370,3.736349390324206,0.0004343873201726572
Cu-WDHHHD-PCV,372,3.7731228980625993,0.0003946395915647869
Cu-WDHHHD-PCV,374,3.7448751843292007,0.0004248232147106931
Cu-WDHHHD-PCV,376,3.7021835928564237,0.0004749653334047384
Cu-WDHHHD-PCV,378,3.5239266297444267,0.0007585298010534995
Cu-WDHHHD-PCV,380,3.496464657485381,0.0008155121569386532
Cu-WDHHHD-PCV,382,3.4726375801325773,0.0008684652401834506
Cu-WDHHHD-PCV,384,3.305758141565024,0.0013514432559066252
Cu-WDHHHD-PCV,386,3.2348109286067688,0.0016322264741720032
Cu-WDHHHD-PCV,388,3.1964363752614804,0.0018080033123444002
Cu-WDHHHD-PCV,390,3.0827843479641253,0.002449238832139483
Cu-WDHHHD-PCV,392,2.9204356061241175,0.0037839242581554165
Cu-WDHHHD-PCV,394,2.8044697487519348,0.005166235753611349
Cu-WDHHHD-PCV,396,2.7015606199778013,0.0068120268706494905
Cu-WDHHHD-PCV,398,2.6191247446366543,0.008501251056505113
Cu-WDHHHD-PCV,400,2.5027289597205518,0.01161989212456796
Cu-WDHHHD-PCV,402,2.3573660766545155,0.01714923788538309
Cu-WDHHHD-PCV,404,2.3857539137067123,0.015896036272577265
Cu-WDHHHD-PCV,406,2.2642722265735036,0.02198172241078772
Cu-WDHHHD-PCV,408,2.1097106331086266,0.03310551782496149
Cu-WDHHHD-PCV,410,2.08930108397218,0.034933736003293456
Cu-WDHHHD-PCV,412,2.035266730418117,0.04025890874866371
Cu-WDHHHD-PCV,414,1.9765342634527867,0.04693456875095693
Cu-WDHHHD-PCV,416,1.8825324656184315,0.05987804282630888
Cu-WDHHHD-PCV,418,1.9438923370497911,0.05109190322489156
Cu-WDHHHD-PCV,420,1.9189648117435207,0.054501702033220405
Cu-WDHHHD-PCV,422,1.8269068148230152,0.06906801396595859
Cu-WDHHHD-PCV,424,1.8085806151173303,0.07237691572784667
Cu-WDHHHD-PCV,426,1.878307287009844,0.06053323881584844
Cu-WDHHHD-PCV,428,1.8396088910959416,0.06685887021376692
Cu-WDHHHD-PCV,430,1.7577792090971454,0.08234516102845266
Cu-WDHHHD-PCV,432,1.8501701449352488,0.06507306745409296
Cu-WDHHHD-PCV,434,1.8703752642706166,0.06178168178076467
Cu-WDHHHD-PCV,436,1.80351025773011,0.07331842397841805
Cu-WDHHHD-PCV,438,1.8016656638293609,0.07366379259089999
Cu-WDHHHD-PCV,440,1.8557420693683884,0.06414919139394451
Cu-WDHHHD-PCV,442,1.8642069465688995,0.06276937585637284
Cu-WDHHHD-PCV,444,1.8435747842434418,0.06618291131354688
Cu-WDHHHD-PCV,446,1.9113303918389926,0.05558874643028037
Cu-WDHHHD-PCV,448,1.9210442539082941,0.05420914851507315
Cu-WDHHHD-PCV,450,1.8937059774464629,0.05817769771037127
Cu-WDHHHD-PCV,452,1.8961184184218478,0.057816658544733376
Cu-WDHHHD-PCV,454,1.9723369157536679,0.04745037993982215
Cu-WDHHHD-PCV,456,1.9851459144115284,0.04589308732499577
Cu-WDHHHD-PCV,458,1.959432098119238,0.04907053681054639
Cu-WDHHHD-PCV,460,2.074276680393925,0.03634176175534768
Cu-WDHHHD-PCV,462,2.1006304742842663,0.03390712175366296
Cu-WDHHHD-PCV,464,2.0832546042909708,0.0354939115601743
Cu-WDHHHD-PCV,466,2.1397298246153413,0.030584337558309742
Cu-WDHHHD-PCV,468,2.236403133700545,0.02367271984606035
Cu-WDHHHD-PCV,470,2.2605248608151864,0.02220200890612934
Cu-WDHHHD-PCV,472,2.2817700246775368,0.02098120067145809
Cu-WDHHHD-PCV,474,2.3709916951054177,0.01653600587056156
Cu-WDHHHD-PCV,476,2.5294769715602303,0.010815174222399115
Cu-WDHHHD-PCV,478,2.5810145941608997,0.009417634219896961
Cu-WDHHHD-PCV,480,2.6302197140490415,0.008251574249778832
Cu-WDHHHD-PCV,482,2.7808574140705176,0.0055046165857706875
Cu-WDHHHD-PCV,484,2.8300205658307642,0.004823525998309862
Cu-WDHHHD-PCV,486,2.958373867084655,0.0034177936182026403
Cu-WDHHHD-PCV,488,3.111956510575866,0.0022654548215233616
Cu-WDHHHD-PCV,490,3.1524173480876208,0.002033350523491565
Cu-WDHHHD-PCV,492,3.3427012018255535,0.0012251363266835894
Cu-WDHHHD-PCV,494,3.36413302057293,0.001157412134332549
Cu-WDHHHD-PCV,496,3.605871269624283,0.0006113873768369113
Cu-WDHHHD-PCV,498,3.758617779803553,0.00040985587770055664
Cu-WDHHHD-PCV,500,3.8491201733237164,0.0003238177735988723
Cu-WDHHHD-PCV,502,4.066106083531224,0.00018484872815739426
Cu-WDHHHD-PCV,504,4.17820874227467,0.00013870643907750024
Cu-WDHHHD-PCV,506,4.259017830168396,0.00011289137394185841
Cu-WDHHHD-PCV,508,4.508671887424354,6.0103322572724856e-05
Cu-WDHHHD-PCV,510,4.535721735853624,5.6165696588765655e-05
Cu-WDHHHD-PCV,512,4.76227872641584,3.1976708775389806e-05
Cu-WDHHHD-PCV,514,4.844917956803187,2.6086806574230776e-05
Cu-WDHHHD-PCV,516,4.961063936541195,1.962944613736908e-05
Cu-WDHHHD-PCV,518,4.947166270372418,2.0306781349173362e-05
Cu-WDHHHD-PCV,520,5.050764368013362,1.578039605872349e-05
Cu-WDHHHD-PCV,522,5.148636654436213,1.245345095601423e-05
Cu-WDHHHD-PCV,524,5.330795848608105,8.04577534035393e-06
Cu-WDHHHD-PCV,526,5.255073029191747,9.642109025003605e-06
Cu-WDHHHD-PCV,528,5.232711478307918,1.0173159816285005e-05
Cu-WDHHHD-PCV,530,5.538666648679529,4.917036667064345e-06
Cu-WDHHHD-PCV,532,5.528025923204277,5.041768595523633e-06
Cu-WDHHHD-PCV,534,5.633670171764096,3.93453131127952e-06
Cu-WDHHHD-PCV,536,5.592024096303968,4.337698424894259e-06
Cu-WDHHHD-PCV,538,5.507687142036169,5.2893026550624275e-06
Cu-WDHHHD-PCV,540,5.595377927665116,4.303713682380316e-06
Cu-WDHHHD-PCV,542,5.527006011078363,5.053893534594126e-06
Cu-WDHHHD-PCV,544,5.71379601045623,3.2635932474364546e-06
Cu-WDHHHD-PCV,546,5.72125545402809,3.207435230980632e-06
Cu-WDHHHD-PCV,548,5.725319859810087,3.17725536256975e-06
Cu-WDHHHD-PCV,550,5.736772199893379,3.0937764498901714e-06
Cu-WDHHHD-PCV,552,5.583886183417904,4.42131135740836e-06
Cu-WDHHHD-PCV,554,5.668491847051751,3.6270622029820397e-06
Cu-WDHHHD-PCV,556,5.488765439016387,5.530796812563183e-06
Cu-WDHHHD-PCV,558,5.482626897792423,5.611551123893574e-06
Cu-WDHHHD-PCV,560,5.495813905753042,5.439542156479356e-06
Cu-WDHHHD-PCV,562,5.548454803083157,4.805096981253539e-06
Cu-WDHHHD-PCV,564,5.475469786728953,5.707235547683926e-06
Cu-WDHHHD-PCV,566,5.478434768666579,5.667394654683276e-06
Cu-WDHHHD-PCV,568,5.439882420429549,6.2084926988146216e-06
Cu-WDHHHD-PCV,570,5.401270689944877,6.803722733396082e-06
Cu-WDHHHD-PCV,572,5.371246386937055,7.306864980479909e-06
Cu-WDHHHD-PCV,574,5.334990125769835,7.965718166337538e-06
Cu-WDHHHD-PCV,576,5.2680466843557365,9.347128755244516e-06
Cu-WDHHHD-PCV,578,5.249765496524536,9.765523435767724e-06
Cu-WDHHHD-PCV,580,5.176237031486868,1.1652109089501593e-05
Cu-WDHHHD-PCV,582,5.087623500427047,1.443175419471059e-05
Cu-WDHHHD-PCV,584,4.915856754413156,2.1921919329899742e-05
Cu-WDHHHD-PCV,586,4.682699851071889,3.8939351893880884e-05
Cu-WDHHHD-PCV,588,4.641392637913652,4.314776824454893e-05
Cu-WDHHHD-PCV,590,4.440095078194269,7.140189875845071e-05
Cu-WDHHHD-PCV,592,4.337161283023139,9.258799737353402e-05
Cu-WDHHHD-PCV,594,4.100941585292756,0.00016903640925636804
Cu-WDHHHD-PCV,596,4.077014688368396,0.00017974108632351217
Cu-WDHHHD-PCV,598,3.9528194885493306,0.0002475158360758987
Cu-WDHHHD-PCV,600,3.828908111893608,0.00034128390726261834
Cu-WDHHHD-PCV,602,3.7312697800666568,0.0004401894402949145
Cu-WDHHHD-PCV,604,3.6564916587104825,0.0005353344800120102
Cu-WDHHHD-PCV,606,3.621329137851504,0.0005870645558842889
Cu-WDHHHD-PCV,608,3.553777435325289,0.0007011620140340339
Cu-WDHHHD-PCV,610,3.580165066643525,0.0006541266572944853
Cu-WDHHHD-PCV,612,3.3888316178424147,0.0010840533000016869
Cu-WDHHHD-PCV,614,3.4113240466340358,0.001021352416235771
Cu-WDHHHD-PCV,616,3.326044878422014,0.0012805326008533656
Cu-WDHHHD-PCV,618,3.231646930400994,0.001646041688972278
Cu-WDHHHD-PCV,620,3.118001433548944,0.002229147932764675
Cu-WDHHHD-PCV,622,3.0975972758276096,0.002354110434048706
Cu-WDHHHD-PCV,624,3.0147505555059246,0.002938480882719054
Cu-WDHHHD-PCV,626,3.1756140339395653,0.0019112702141760123
Cu-WDHHHD-PCV,628,3.086598301866647,0.002424381038806228
Cu-WDHHHD-PCV,630,3.115624972680026,0.002243350788779208
Cu-WDHHHD-PCV,632,3.0473272009732275,0.002693001620583966
Cu-WDHHHD-PCV,634,2.894286724765526,0.0040590040297810185
Cu-WDHHHD-PCV,636,3.0403184046050673,0.0027440091364285954
Cu-WDHHHD-PCV,638,2.830687318852955,0.004814895012041948
Cu-WDHHHD-PCV,640,2.947490359065922,0.0035190217212664804
Cu-WDHHHD-PCV,642,2.8024464695048454,0.005194395182077626
Cu-WDHHHD-PCV,644,2.774979907937374,0.005592242971777608
Cu-WDHHHD-PCV,646,2.8200261213203297,0.004954777974928779
Cu-WDHHHD-PCV,648,2.8361344804087327,0.004744960510070472
Cu-WDHHHD-PCV,650,2.8278378934446255,0.0048518889905946865
Cu-WDHHHD-PCV,652,2.8097350837338126,0.005093669680323748
Cu-WDHHHD-PCV,654,2.6293283961650853,0.008271359043125065
Cu-WDHHHD-PCV,656,2.754105410664579,0.005914904643983777
Cu-WDHHHD-PCV,658,2.6503784448579375,0.007816502231135588
Cu-WDHHHD-PCV,660,2.8171297568482134,0.004993479778540644
Cu-WDHHHD-PCV,662,2.747203394962865,0.006025640415172146
Cu-WDHHHD-PCV,664,2.788092991386643,0.0053986300763998974
Cu-WDHHHD-PCV,666,2.8078476131013597,0.005119564249397252
Cu-WDHHHD-PCV,668,2.8702873179261337,0.004329128766084962
Cu-WDHHHD-PCV,670,2.8512541921493693,0.004556138244337264
Cu-WDHHHD-PCV,672,2.643190201127428,0.007968950629428428
Cu-WDHHHD-PCV,674,2.865146871636867,0.004389295509416845
Cu-WDHHHD-PCV,676,2.67832932640856,0.007250889108436805
Cu-WDHHHD-PCV,678,2.467511279108284,0.01277071810116124
Cu-WDHHHD-PCV,680,2.6653454814321442,0.007508358561769225
Cu-WDHHHD-PCV,682,2.5344641544146893,0.010671378875474001
Cu-WDHHHD-PCV,684,2.4644099895654743,0.012877319044000897
Cu-WDHHHD-PCV,686,2.7315404152497056,0.006284696382219954
Cu-WDHHHD-PCV,688,2.4172635562041775,0.014610765779550347
Cu-WDHHHD-PCV,690,2.5477619078139706,0.010297188891321694
Cu-WDHHHD-PCV,692,2.2662763531232777,0.02186479292959931
Cu-WDHHHD-PCV,694,2.39984480598126,0.015308015066652848
Cu-WDHHHD-PCV,696,2.400590181948152,0.015277515919507002
Cu-WDHHHD-PCV,698,2.3815534563852263,0.016075602037225887
Cu-WDHHHD-PCV,700,2.4191915519682063,0.014535548371173171
Cu-WDHHHD-PCV,702,2.4566268987642728,0.013148748107859395
Cu-WDHHHD-PCV,704,2.488388993907291,0.012075511900344902
Cu-WDHHHD-PCV,706,2.3848432050542585,0.015934799278199453
Cu-WDHHHD-PCV,708,2.385445185828811,0.015909166384554294
Cu-WDHHHD-PCV,710,2.3628445955691673,0.01690002119903496
Cu-WDHHHD-PCV,712,2.258722958107513,0.02230870239741911
Cu-WDHHHD-PCV,714,2.3452096644676717,0.017715248072469457
Cu-WDHHHD-PCV,716,2.035340550257812,0.04025112444738196
Cu-WDHHHD-PCV,718,2.627337201805286,0.008315729145096273
Cu-WDHHHD-PCV,720,2.2149600019184863,0.02505997231628455
Cu-WDHHHD-PCV,722,2.3074782657122346,0.0195918754363798
Cu-WDHHHD-PCV,724,2.302810721704081,0.019837214460704623
Cu-WDHHHD-PCV,726,2.235321405928653,0.02374086380344736
Cu-WDHHHD-PCV,728,1.9726333620507126,0.04741377187188916
Cu-WDHHHD-PCV,730,2.1978157999059946,0.026226054020408177
Cu-WDHHHD-PCV,732,1.9564484920451894,0.04945259671052021
Cu-WDHHHD-PCV,734,2.108226204127552,0.033235294287857105
Cu-WDHHHD-PCV,736,2.2549053366919987,0.02253641429387286
Cu-WDHHHD-PCV,738,2.2529189337412867,0.022655798652729004
Cu-WDHHHD-PCV,740,2.1948501759854384,0.02643307611663223
Cu-WDHHHD-PCV,742,2.2819622455785407,0.02097046174865268
Cu-WDHHHD-PCV,744,2.15828401880025,0.029120566761942638
Cu-WDHHHD-PCV,746,2.3124362754553704,0.019334538205637665
Cu-WDHHHD-PCV,748,2.2247880736626717,0.024414541653491686
Cu-WDHHHD-PCV,750,2.388654366193985,0.01577320233937253
Cu-WDHHHD-PCV,752,2.522922929779695,0.011007078943635173
Cu-WDHHHD-PCV,754,2.116474247875342,0.03252041254341931
Cu-WDHHHD-PCV,756,2.331908866181822,0.018355650006129307
Cu-WDHHHD-PCV,758,2.4739013113070487,0.012553823712127743
Cu-WDHHHD-PCV,760,2.1488392617281717,0.029856939829465412
Cu-WDHHHD-PCV,762,2.3616749109496262,0.016952928132494206
Cu-WDHHHD-PCV,764,2.1311332809416106,0.03128658524572471
Cu-WDHHHD-PCV,766,2.2939224002342966,0.02031279344765225
Cu-WDHHHD-PCV,768,2.2502372597055786,0.022817953728027363
Cu-WDHHHD-PCV,770,2.103106398347958,0.03368669556639945
Cu-WDHHHD-PCV,772,1.9223406281488957,0.054027522712879764
Cu-WDHHHD-PCV,774,2.2218124837732076,0.02460821800760313
Cu-WDHHHD-PCV,776,2.210729835470087,0.025342889298517836
Cu-WDHHHD-PCV,778,1.9243404311255892,0.0537484832784976
Cu-WDHHHD-PCV,780,2.3071953669682985,0.019606660023060517
Cu-WDHHHD-PCV,782,2.10104578677214,0.033870049902837
Cu-WDHHHD-PCV,784,2.138193410721472,0.030708710437703745
Cu-WDHHHD-PCV,786,2.1108374118259707,0.03300733773562054
Cu-WDHHHD-PCV,788,2.4099359725631944,0.01490016744060989
Cu-WDHHHD-PCV,790,2.251395204981273,0.022747796111125724
Cu-WDHHHD-PCV,792,2.210470468396388,0.025360337280510525
Cu-WDHHHD-PCV,794,2.0528240071544146,0.038447864563838086
Cu-WDHHHD-PCV,796,2.4431575098983314,0.013631941596544515
Cu-WDHHHD-PCV,798,2.385745236840912,0.01589640515106778
Cu-WDHHHD-PCV,800,2.1293819458733894,0.031431562602057594
Cu-WEEHEE-CAS,350,33.7296448671547,1.3331248260791067e-21
Cu-WEEHEE-CAS,352,31.465597172353263,7.613096154618496e-21
Cu-WEEHEE-CAS,354,29.485324042809175,3.813043372812983e-20
Cu-WEEHEE-CAS,356,30.623412208680126,1.4948035443637202e-20
Cu-WEEHEE-CAS,358,28.137002095136577,1.2022940080408127e-19
Cu-WEEHEE-CAS,360,27.29371831512848,2.522699127341387e-19
Cu-WEEHEE-CAS,362,28.251246733001597,1.08895132302002e-19
Cu-WEEHEE-CAS,364,27.322300588119795,2.4593831528179617e-19
Cu-WEEHEE-CAS,366,27.351628751964228,2.3961196256304254e-19
Cu-WEEHEE-CAS,368,27.2958472148506,2.5179256198104007e-19
Cu-WEEHEE-CAS,370,26.83256801543868,3.8130336902203867e-19
Cu-WEEHEE-CAS,372,26.698393663459168,4.3046091179673714e-19
Cu-WEEHEE-CAS,374,26.425590335900438,5.516511376591416e-19
Cu-WEEHEE-CAS,376,26.13023497196863,7.23280876329791e-19
Cu-WEEHEE-CAS,378,25.979478675971084,8.313107546148555e-19
Cu-WEEHEE-CAS,380,25.005969336374207,2.0749665577609662e-18
Cu-WEEHEE-CAS,382,25.141571585961596,1.8236938915418438e-18
Cu-WEEHEE-CAS,384,23.848307609989206,6.391383841572188e-18
Cu-WEEHEE-CAS,386,24.00644915535796,5.4672798874966035e-18
Cu-WEEHEE-CAS,388,22.93015696092892,1.6085574556084576e-17
Cu-WEEHEE-CAS,390,23.691876172792227,7.465022571498003e-18
Cu-WEEHEE-CAS,392,22.697782927068314,2.0410447648224808e-17
Cu-WEEHEE-CAS,394,22.271697473351683,3.174063932862902e-17
Cu-WEEHEE-CAS,396,22.414044422698616,2.736780590103858e-17
Cu-WEEHEE-CAS,398,21.08569768391999,1.1235112524549905e-16
Cu-WEEHEE-CAS,400,21.25040357682392,9.396335939183417e-17
Cu-WEEHEE-CAS,402,20.339044183949504,2.5603038080649167e-16
Cu-WEEHEE-CAS,404,20.31197516224155,2.6390283149375727e-16
Cu-WEEHEE-CAS,406,19.657846647550848,5.537721335864426e-16
Cu-WEEHEE-CAS,408,19.252035784510547,8.852030966251919e-16
Cu-WEEHEE-CAS,410,19.08655163490225,1.0740491114143244e-15
Cu-WEEHEE-CAS,412,18.532074391560347,2.0719006579423753e-15
Cu-WEEHEE-CAS,414,18.104063708860686,3.4747276779673023e-15
Cu-WEEHEE-CAS,416,18.52074072857503,2.100226633157159e-15
Cu-WEEHEE-CAS,418,17.756592878389252,5.321847533789834e-15
Cu-WEEHEE-CAS,420,17.782770917936144,5.15256578914423e-15
Cu-WEEHEE-CAS,422,17.950035914160853,4.1944165482678625e-15
Cu-WEEHEE-CAS,424,18.173274367297854,3.194116519264913e-15
Cu-WEEHEE-CAS,426,17.716043659975895,5.595485516184628e-15
Cu-WEEHEE-CAS,428,18.23251142810937,2.972560619892089e-15
Cu-WEEHEE-CAS,430,18.20728917562611,3.0648889230065534e-15
Cu-WEEHEE-CAS,432,17.89076668573821,4.510907327423162e-15
Cu-WEEHEE-CAS,434,17.97748265276247,4.055711841240196e-15
Cu-WEEHEE-CAS,436,17.618685230388166,6.313452027305913e-15
Cu-WEEHEE-CAS,438,18.4026734026734,2.4202314024192286e-15
Cu-WEEHEE-CAS,440,18.041615854411145,3.749767649785958e-15
Cu-WEEHEE-CAS,442,17.963739429856414,4.124562364761089e-15
Cu-WEEHEE-CAS,444,18.465270263384287,2.2447451463653515e-15
Cu-WEEHEE-CAS,446,17.643301217606385,6.123379254677652e-15
Cu-WEEHEE-CAS,448,17.997720598804843,3.956477930959571e-15
Cu-WEEHEE-CAS,450,17.70266610224238,5.688916024867694e-15
Cu-WEEHEE-CAS,452,18.067860176542773,3.631537914216269e-15
Cu-WEEHEE-CAS,454,17.620994203625223,6.29536709212157e-15
Cu-WEEHEE-CAS,456,17.86786348098906,4.639725094877577e-15
Cu-WEEHEE-CAS,458,17.75829173270921,5.3106894591606106e-15
Cu-WEEHEE-CAS,460,18.333329947784687,2.6312648737714604e-15
Cu-WEEHEE-CAS,462,17.81633752662373,4.94360810086502e-15
Cu-WEEHEE-CAS,464,17.842197311521854,4.7886071728774846e-15
Cu-WEEHEE-CAS,466,18.368945912817455,2.5205997455346367e-15
Cu-WEEHEE-CAS,468,19.232064782016998,9.060448335962117e-16
Cu-WEEHEE-CAS,470,17.796837446209146,5.063910531602203e-15
Cu-WEEHEE-CAS,472,17.704093087628472,5.678873474009503e-15
Cu-WEEHEE-CAS,474,18.911002063707976,1.32038555850817e-15
Cu-WEEHEE-CAS,476,18.602687783468987,1.9040828823171908e-15
Cu-WEEHEE-CAS,478,18.04260516811125,3.745239497624687e-15
Cu-WEEHEE-CAS,480,18.15695501828728,3.258101336440127e-15
Cu-WEEHEE-CAS,482,17.93453747464509,4.274894815599225e-15
Cu-WEEHEE-CAS,484,18.275473025706557,2.821853265615162e-15
Cu-WEEHEE-CAS,486,19.12792747418787,1.023237144683485e-15
Cu-WEEHEE-CAS,488,19.50997207497412,6.564457343062984e-16
Cu-WEEHEE-CAS,490,20.263691604976817,2.785717811417545e-16
Cu-WEEHEE-CAS,492,20.175846938302282,3.074587277085367e-16
Cu-WEEHEE-CAS,494,20.937266170162083,1.3210543566657837e-16
Cu-WEEHEE-CAS,496,20.59040674756942,1.935438888715683e-16
Cu-WEEHEE-CAS,498,20.585210100419214,1.9466160119688138e-16
Cu-WEEHEE-CAS,500,21.031115349297167,1.1923422868023883e-16
Cu-WEEHEE-CAS,502,21.428686213984857,7.752711837285534e-17
Cu-WEEHEE-CAS,504,21.69473382012244,5.831994123900095e-17
Cu-WEEHEE-CAS,506,20.259521459446567,2.7987759317299145e-16
Cu-WEEHEE-CAS,508,21.622303671213118,6.300307144446463e-17
Cu-WEEHEE-CAS,510,20.938186928685546,1.3197241718532118e-16
Cu-WEEHEE-CAS,512,20.955361937772278,1.2951640784819676e-16
Cu-WEEHEE-CAS,514,21.420582721874066,7.820557893572877e-17
Cu-WEEHEE-CAS,516,20.579883140090953,1.9581426362898035e-16
Cu-WEEHEE-CAS,518,21.18487795011173,1.0087492826618451e-16
Cu-WEEHEE-CAS,520,20.699395561552645,1.7156899537861961e-16
Cu-WEEHEE-CAS,522,20.569468164630525,1.9808829665175615e-16
Cu-WEEHEE-CAS,524,20.180161413775398,3.0597012001711236e-16
Cu-WEEHEE-CAS,526,19.742627243444208,5.02535016348978e-16
Cu-WEEHEE-CAS,528,19.668626722311203,5.469684269899916e-16
Cu-WEEHEE-CAS,530,20.53125070792649,2.0666917864413005e-16
Cu-WEEHEE-CAS,532,20.197113020595935,3.001930817131267e-16
Cu-WEEHEE-CAS,534,19.643070572227128,5.632401808501715e-16
Cu-WEEHEE-CAS,536,18.94603696733085,1.2669372037016246e-15
Cu-WEEHEE-CAS,538,19.37134118363114,7.705953107925181e-16
Cu-WEEHEE-CAS,540,17.94388988777977,4.226141953733754e-15
Cu-WEEHEE-CAS,542,18.470129604421125,2.2316841654835244e-15
Cu-WEEHEE-CAS,544,17.571899027231527,6.691693382295991e-15
Cu-WEEHEE-CAS,546,17.23122509639362,1.0256539593577498e-14
Cu-WEEHEE-CAS,548,16.926813238311333,1.5099005927723437e-14
Cu-WEEHEE-CAS,550,17.091925535025563,1.2234611007333672e-14
Cu-WEEHEE-CAS,552,15.188649001886494,1.5165542616162024e-13
Cu-WEEHEE-CAS,554,14.98768558595074,2.003161810618094e-13
Cu-WEEHEE-CAS,556,15.86665869706479,6.039663777413463e-14
Cu-WEEHEE-CAS,558,15.519843514780757,9.63919751545461e-14
Cu-WEEHEE-CAS,560,14.493826448644924,4.012877543420666e-13
Cu-WEEHEE-CAS,562,14.093819635940296,7.127716888137159e-13
Cu-WEEHEE-CAS,564,14.228017883755589,5.871208674179315e-13
Cu-WEEHEE-CAS,566,13.734219760871571,1.2058242213729142e-12
Cu-WEEHEE-CAS,568,14.062903480498253,7.454676930271785e-13
Cu-WEEHEE-CAS,570,13.393298859678938,2.001752494373373e-12
Cu-WEEHEE-CAS,572,13.448614931783025,1.842669060345442e-12
Cu-WEEHEE-CAS,574,13.36004321176111,2.1041543364894993e-12
Cu-WEEHEE-CAS,576,12.461712300955469,8.355850851350062e-12
Cu-WEEHEE-CAS,578,12.325234033700855,1.0359926834068396e-11
Cu-WEEHEE-CAS,580,11.90947277977995,2.0129241291017482e-11
Cu-WEEHEE-CAS,582,10.54146859172162,1.9896307589302926e-10
Cu-WEEHEE-CAS,584,10.242047953190701,3.361767863590225e-10
Cu-WEEHEE-CAS,586,9.869961165489517,6.531522081280377e-10
Cu-WEEHEE-CAS,588,9.520956268114828,1.2335684742910397e-09
Cu-WEEHEE-CAS,590,9.179509920973326,2.3268281518176096e-09
Cu-WEEHEE-CAS,592,8.522185766963801,8.187712930614361e-09
Cu-WEEHEE-CAS,594,7.7861466350326864,3.558021348302341e-08
Cu-WEEHEE-CAS,596,7.506084730014735,6.333848159507736e-08
Cu-WEEHEE-CAS,598,7.112752915950836,1.448441555898579e-07
Cu-WEEHEE-CAS,600,6.297476108796866,8.601390005150392e-07
Cu-WEEHEE-CAS,602,5.6008511701565284,4.248838857813454e-06
Cu-WEEHEE-CAS,604,5.034408952706299,1.641959036858639e-05
Cu-WEEHEE-CAS,606,5.089700329348895,1.435937831929071e-05
Cu-WEEHEE-CAS,608,4.285914467335134,0.00010543408719872684
Cu-WEEHEE-CAS,610,4.158017009873551,0.00014605134990199102
Cu-WEEHEE-CAS,612,3.991992649933914,0.00022370610837375317
Cu-WEEHEE-CAS,614,3.3590159470977494,0.0011732291860357482
Cu-WEEHEE-CAS,616,3.3480729697556333,0.0012077934129460172
Cu-WEEHEE-CAS,618,3.135934678401516,0.0021248567146122123
Cu-WEEHEE-CAS,620,3.0509942259090503,0.0026666963155725486
Cu-WEEHEE-CAS,622,2.775861257704945,0.005579014597108526
Cu-WEEHEE-CAS,624,2.46515161292215,0.012851747174565142
Cu-WEEHEE-CAS,626,2.2625418659526484,0.02208317271639355
Cu-WEEHEE-CAS,628,1.851184472104433,0.06490395042453208
Cu-WEEHEE-CAS,630,1.8413212803456696,0.06656620871132463
Cu-WEEHEE-CAS,632,2.106372054424856,0.03339808776335948
Cu-WEEHEE-CAS,634,1.6880550012766795,0.09812201469153378
Cu-WEEHEE-CAS,636,1.6554597812596956,0.10641754342574984
Cu-WEEHEE-CAS,638,1.3885571416111848,0.20196533679738932
Cu-WEEHEE-CAS,640,1.279157816007721,0.25854091767391535
Cu-WEEHEE-CAS,642,1.6724974398658072,0.10200425050202303
Cu-WEEHEE-CAS,644,1.356173615090651,0.21752592368378462
Cu-WEEHEE-CAS,646,1.1785530181524286,0.32106776411477894
Cu-WEEHEE-CAS,648,1.1046291660342034,0.3736395761024302
Cu-WEEHEE-CAS,650,0.944388991538524,0.5055806405198687
Cu-WEEHEE-CAS,652,0.8704724855534998,0.5730300162211274
Cu-WEEHEE-CAS,654,1.28041830651132,0.2578227748733333
Cu-WEEHEE-CAS,656,0.8414331260678869,0.6002371340695899
Cu-WEEHEE-CAS,658,1.0901352760490148,0.3845967176112259
Cu-WEEHEE-CAS,660,0.919612460213127,0.5278360531784048
Cu-WEEHEE-CAS,662,0.8938994948899442,0.5513288943085786
Cu-WEEHEE-CAS,664,0.9098116852226457,0.5367462944136142
Cu-WEEHEE-CAS,666,0.726752738945445,0.7086145832435091
Cu-WEEHEE-CAS,668,0.684336857157449,0.7478163374865083
Cu-WEEHEE-CAS,670,0.6951084606213493,0.7379622313655936
Cu-WEEHEE-CAS,672,0.8692542875513395,0.5741651543531594
Cu-WEEHEE-CAS,674,0.6794914873198181,0.7522222050620982
Cu-WEEHEE-CAS,676,0.759888140002934,0.6774360976913393
Cu-WEEHEE-CAS,678,1.0708945209156084,0.3994628891212876
Cu-WEEHEE-CAS,680,0.7549965448648998,0.6820582425180586
Cu-WEEHEE-CAS,682,0.9587540584972867,0.49286985016201124
Cu-WEEHEE-CAS,684,0.8078917549345865,0.6319397115598423
Cu-WEEHEE-CAS,686,0.606997150891305,0.8155466175222053
Cu-WEEHEE-CAS,688,0.957140314846257,0.49429030099019655
Cu-WEEHEE-CAS,690,0.7697034464333419,0.6681479292821404
Cu-WEEHEE-CAS,692,1.2138925916052026,0.29792163495140483
Cu-WEEHEE-CAS,694,0.7865588715014143,0.6521705780436766
Cu-WEEHEE-CAS,696,0.8392235429656225,0.6023182675461243
Cu-WEEHEE-CAS,698,0.6960467238217417,0.7371002187836917
Cu-WEEHEE-CAS,700,0.8956316602944759,0.5497348681536702
Cu-WEEHEE-CAS,702,0.7566485222646758,0.6804978400042175
Cu-WEEHEE-CAS,704,0.8090786994321875,0.6308148151970715
Cu-WEEHEE-CAS,706,0.7599755865152863,0.6773534227533345
Cu-WEEHEE-CAS,708,0.538349426124977,0.8692880145832983
Cu-WEEHEE-CAS,710,0.770136935599252,0.6677373762390584
Cu-WEEHEE-CAS,712,0.6988574927371964,0.7345145417074472
Cu-WEEHEE-CAS,714,0.6465900059468558,0.781625704706183
Cu-WEEHEE-CAS,716,0.976574525433151,0.4773147856117922
Cu-WEEHEE-CAS,718,0.7378893931138392,0.6981747700285246
Cu-WEEHEE-CAS,720,0.9765649491894908,0.4773230784963345
Cu-WEEHEE-CAS,722,0.8484822028892178,0.5936070313848236
Cu-WEEHEE-CAS,724,0.6330487545776676,0.7934272164722282
Cu-WEEHEE-CAS,726,0.7827396461521866,0.6557926702894825
Cu-WEEHEE-CAS,728,1.0144301517295948,0.4451207781752292
Cu-WEEHEE-CAS,730,0.7848640091891235,0.6537780347728475
Cu-WEEHEE-CAS,732,1.0920808411630103,0.3831137636593418
Cu-WEEHEE-CAS,734,0.9262300212443993,0.5218528514403025
Cu-WEEHEE-CAS,736,0.701708747880875,0.7318866421447486
Cu-WEEHEE-CAS,738,0.7328772193259807,0.7028791584342504
Cu-WEEHEE-CAS,740,1.1041052206250626,0.3740320178488289
Cu-WEEHEE-CAS,742,0.6922760742680651,0.7405609727763193
Cu-WEEHEE-CAS,744,1.0409518891349105,0.4233069717203241
Cu-WEEHEE-CAS,746,1.0832342711492167,0.3898869696614272
Cu-WEEHEE-CAS,748,0.8285691554756668,0.6123702646046033
Cu-WEEHEE-CAS,750,0.6507132410606419,0.7779948506475758
Cu-WEEHEE-CAS,752,0.722443686487551,0.7126405626713885
Cu-WEEHEE-CAS,754,1.0074561072067292,0.4509607923514608
Cu-WEEHEE-CAS,756,0.722039356840087,0.7130179110215176
Cu-WEEHEE-CAS,758,0.6880412345950427,0.744436484063422
Cu-WEEHEE-CAS,760,0.7056572579032294,0.7282394716944633
Cu-WEEHEE-CAS,762,0.7816907994663206,0.6567872549407084
Cu-WEEHEE-CAS,764,0.778039762461813,0.660248837658727
Cu-WEEHEE-CAS,766,1.035221323179438,0.42796624649537945
Cu-WEEHEE-CAS,768,0.7447698549751929,0.6917029357813969
Cu-WEEHEE-CAS,770,1.1559633473849598,0.3365384441567075
Cu-WEEHEE-CAS,772,1.1046603229505954,0.3736162478430442
Cu-WEEHEE-CAS,774,0.7923552036482531,0.6466726661803699
Cu-WEEHEE-CAS,776,0.7267416347298525,0.7086249682476714
Cu-WEEHEE-CAS,778,1.2434880230079324,0.27952652774406883
Cu-WEEHEE-CAS,780,0.801811931894942,0.6377035692851238
Cu-WEEHEE-CAS,782,1.0042808728224022,0.4536336600205916
Cu-WEEHEE-CAS,784,0.8729794367582784,0.5706959315243225
Cu-WEEHEE-CAS,786,1.0135271637066547,0.4458745431716405
Cu-WEEHEE-CAS,788,1.1755969388656835,0.32306231752086184
Cu-WEEHEE-CAS,790,0.7810591172252628,0.6573862252608975
Cu-WEEHEE-CAS,792,0.8285628474926025,0.6123762235223906
Cu-WEEHEE-CAS,794,0.8800224795854839,0.5641530254222561
Cu-WEEHEE-CAS,796,0.847481487738267,0.5945473732255848
Cu-WEEHEE-CAS,798,0.6265859462658586,0.7989895031146615
Cu-WEEHEE-CAS,800,0.9759257996317252,0.4778767361348145
Cu-WEHHHE-PCV,350,17.800220503120944,5.042824561252472e-15
Cu-WEHHHE-PCV,352,18.23750783608946,2.954614337209291e-15
Cu-WEHHHE-PCV,354,17.3693263181606,8.619948926608228e-15
Cu-WEHHHE-PCV,356,16.559600135415852,2.423341413256026e-14
Cu-WEHHHE-PCV,358,17.209332129400277,1.0544080903957244e-14
Cu-WEHHHE-PCV,360,17.557808294043898,6.810137292962989e-15
Cu-WEHHHE-PCV,362,15.74225358806945,7.136489668934143e-14
Cu-WEHHHE-PCV,364,15.750160098193547,7.061012133600841e-14
Cu-WEHHHE-PCV,366,16.910900432361462,1.5409423613222985e-14
Cu-WEHHHE-PCV,368,15.310797755212954,1.2821251327563006e-13
Cu-WEHHHE-PCV,370,14.700058726264794,2.996545408197034e-13
Cu-WEHHHE-PCV,372,16.330162042024345,3.269074613867134e-14
Cu-WEHHHE-PCV,374,15.457064118728194,1.0498463042620334e-13
Cu-WEHHHE-PCV,376,14.739198302433604,2.8358616999757907e-13
Cu-WEHHHE-PCV,378,14.611398717896646,3.396253899686092e-13
Cu-WEHHHE-PCV,380,15.04537495758935,1.8488844486697571e-13
Cu-WEHHHE-PCV,382,13.737774177184527,1.1995211635754047e-12
Cu-WEHHHE-PCV,384,12.890289803090084,4.294692680181999e-12
Cu-WEHHHE-PCV,386,13.28659592664698,2.3499322649488084e-12
Cu-WEHHHE-PCV,388,12.942970259440743,3.96119073702828e-12
Cu-WEHHHE-PCV,390,12.168675399504638,1.3281934657596716e-11
Cu-WEHHHE-PCV,392,11.177163157250003,6.720026959055056e-11
Cu-WEHHHE-PCV,394,10.595744967969674,1.8108490438736141e-10
Cu-WEHHHE-PCV,396,10.356728398315772,2.7470882026725047e-10
Cu-WEHHHE-PCV,398,10.033887882575492,4.866206717393657e-10
Cu-WEHHHE-PCV,400,9.077050974783056,2.821897987056132e-09
Cu-WEHHHE-PCV,402,9.103015377555908,2.6869740825320253e-09
Cu-WEHHHE-PCV,404,8.735662491529688,5.41208739012633e-09
Cu-WEHHHE-PCV,406,8.114872109051914,1.831065751303963e-08
Cu-WEHHHE-PCV,408,7.97932699851677,2.404136500701308e-08
Cu-WEHHHE-PCV,410,7.534541642118247,5.970616423310772e-08
Cu-WEHHHE-PCV,412,7.224355397674675,1.1430639456047355e-07
Cu-WEHHHE-PCV,414,6.790183117337265,2.898841548708869e-07
Cu-WEHHHE-PCV,416,6.5828501282448055,4.5622889705808616e-07
Cu-WEHHHE-PCV,418,6.2252367909135,1.0117638007252423e-06
Cu-WEHHHE-PCV,420,6.182218082963552,1.1148674086431945e-06
Cu-WEHHHE-PCV,422,5.73324082806163,3.119274420648478e-06
Cu-WEHHHE-PCV,424,5.891197174285844,2.1646634198647484e-06
Cu-WEHHHE-PCV,426,5.697954285420298,3.3862321785796906e-06
Cu-WEHHHE-PCV,428,5.363007731077602,7.451495706475361e-06
Cu-WEHHHE-PCV,430,5.4747858447213895,5.716466524013171e-06
Cu-WEHHHE-PCV,432,5.370884594697192,7.313155398903844e-06
Cu-WEHHHE-PCV,434,5.184985665933781,1.140930046306298e-05
Cu-WEHHHE-PCV,436,5.108257458671005,1.372897035027602e-05
Cu-WEHHHE-PCV,438,5.179232274267841,1.1568388253423967e-05
Cu-WEHHHE-PCV,440,5.25182396159461,9.717467295603127e-06
Cu-WEHHHE-PCV,442,5.084733840536971,1.4533079534205998e-05
Cu-WEHHHE-PCV,444,5.370899764204801,7.312891537711578e-06
Cu-WEHHHE-PCV,446,5.295911993508161,8.744455040039982e-06
Cu-WEHHHE-PCV,448,5.113504311298946,1.3555927972684243e-05
Cu-WEHHHE-PCV,450,5.018867633525767,1.7051575882936075e-05
Cu-WEHHHE-PCV,452,5.460153615775561,5.917668886364902e-06
Cu-WEHHHE-PCV,454,5.268987324840423,9.326104925317096e-06
Cu-WEHHHE-PCV,456,5.533086473732848,4.9820479710666975e-06
Cu-WEHHHE-PCV,458,5.8296449687178225,2.4947561933369485e-06
Cu-WEHHHE-PCV,460,5.752320050863833,2.9840360835190184e-06
Cu-WEHHHE-PCV,462,5.561251860077008,4.662682030632176e-06
Cu-WEHHHE-PCV,464,5.887203228492822,2.1846533464191246e-06
Cu-WEHHHE-PCV,466,6.1410796275318225,1.2235840386741626e-06
Cu-WEHHHE-PCV,468,6.42613146292788,6.453498195663483e-07
Cu-WEHHHE-PCV,470,6.534946218614017,5.070614364510094e-07
Cu-WEHHHE-PCV,472,7.0762472967031025,1.5656493590305555e-07
Cu-WEHHHE-PCV,474,7.635515171608213,4.845924543436497e-08
Cu-WEHHHE-PCV,476,7.716797661997104,4.100364500382635e-08
Cu-WEHHHE-PCV,478,7.815153085083776,3.353634183477741e-08
Cu-WEHHHE-PCV,480,9.298549991589937,1.862336934913405e-09
Cu-WEHHHE-PCV,482,9.721855842297664,8.541398769163702e-10
Cu-WEHHHE-PCV,484,9.587881788921647,1.0908866354598826e-09
Cu-WEHHHE-PCV,486,10.194834384686624,3.654558741885101e-10
Cu-WEHHHE-PCV,488,11.503120751481088,3.9069626736874214e-11
Cu-WEHHHE-PCV,490,11.947414011817214,1.8934142451711357e-11
Cu-WEHHHE-PCV,492,12.424532299906165,8.858534453126335e-12
Cu-WEHHHE-PCV,494,14.261009919639836,5.598899369265588e-13
Cu-WEHHHE-PCV,496,14.304172272378374,5.262205685180883e-13
Cu-WEHHHE-PCV,498,15.683812247653917,7.720870270481935e-14
Cu-WEHHHE-PCV,500,15.937138590148695,5.4970465821688124e-14
Cu-WEHHHE-PCV,502,17.355758000467155,8.768051714456804e-15
Cu-WEHHHE-PCV,504,18.348298571455604,2.584155711346662e-15
Cu-WEHHHE-PCV,506,19.75739135354654,4.941255341698727e-16
Cu-WEHHHE-PCV,508,20.361342522378877,2.4972775958480557e-16
Cu-WEHHHE-PCV,510,21.25293425716215,9.370645153803716e-17
Cu-WEHHHE-PCV,512,21.285423155793783,9.047197498032275e-17
Cu-WEHHHE-PCV,514,21.903308497780998,4.674059659965366e-17
Cu-WEHHHE-PCV,516,22.313081476935075,3.03995726385841e-17
Cu-WEHHHE-PCV,518,23.954084247207128,5.756927833822315e-18
Cu-WEHHHE-PCV,520,23.8194933693036,6.57643456972729e-18
Cu-WEHHHE-PCV,522,24.43352320404905,3.600295295136524e-18
Cu-WEHHHE-PCV,524,25.15197764638648,1.805759284675495e-18
Cu-WEHHHE-PCV,526,24.039826000058778,5.290555765265086e-18
Cu-WEHHHE-PCV,528,25.16992220265395,1.7752590399581172e-18
Cu-WEHHHE-PCV,530,26.9504479299632,3.429074218290992e-19
Cu-WEHHHE-PCV,532,26.63136192924661,4.57428153115066e-19
Cu-WEHHHE-PCV,534,27.41552123518313,2.2640511576637396e-19
Cu-WEHHHE-PCV,536,28.37751124216193,9.764396908286455e-20
Cu-WEHHHE-PCV,538,26.683616716987157,4.362611867919697e-19
Cu-WEHHHE-PCV,540,27.029048747039052,3.1954491167451506e-19
Cu-WEHHHE-PCV,542,27.021530071352178,3.217067713566762e-19
Cu-WEHHHE-PCV,544,28.227314627884518,1.111744405112094e-19
Cu-WEHHHE-PCV,546,27.046308655995233,3.146387208169322e-19
Cu-WEHHHE-PCV,548,26.993957591575146,3.297649112046543e-19
Cu-WEHHHE-PCV,550,28.03973270835676,1.3083827897098467e-19
Cu-WEHHHE-PCV,552,28.19090023403173,1.1473755641818779e-19
Cu-WEHHHE-PCV,554,26.361116341043065,5.851338402268133e-19
Cu-WEHHHE-PCV,556,27.149964094282925,2.867666317413937e-19
Cu-WEHHHE-PCV,558,27.1373600287881,2.900149090081597e-19
Cu-WEHHHE-PCV,560,27.60060344943132,1.922298576650968e-19
Cu-WEHHHE-PCV,562,28.537334340608286,8.510176380197456e-20
Cu-WEHHHE-PCV,564,26.49549016530026,5.175788124863401e-19
Cu-WEHHHE-PCV,566,26.158438434711567,7.047379545817252e-19
Cu-WEHHHE-PCV,568,27.488807212811377,2.1217821950410715e-19
Cu-WEHHHE-PCV,570,26.35466896216172,5.8859561710124e-19
Cu-WEHHHE-PCV,572,25.9857048662263,8.265346152909121e-19
Cu-WEHHHE-PCV,574,25.802962947469393,9.792770754538801e-19
Cu-WEHHHE-PCV,576,27.425535553940215,2.244043142875621e-19
Cu-WEHHHE-PCV,578,26.066853910633117,7.668142790353152e-19
Cu-WEHHHE-PCV,580,25.920579130559027,8.779286022958217e-19
Cu-WEHHHE-PCV,582,25.842677675544383,9.43768494926652e-19
Cu-WEHHHE-PCV,584,24.228151971055727,4.398180585021295e-18
Cu-WEHHHE-PCV,586,24.224413156796448,4.414292056756861e-18
Cu-WEHHHE-PCV,588,23.813028650410867,6.618707187676487e-18
Cu-WEHHHE-PCV,590,24.473344444795796,3.4637609582841973e-18
Cu-WEHHHE-PCV,592,22.62261736953877,2.2053576257641306e-17
Cu-WEHHHE-PCV,594,22.483801554810977,2.5457002362494696e-17
Cu-WEHHHE-PCV,596,21.85904384797634,4.898186278018002e-17
Cu-WEHHHE-PCV,598,22.728538320098455,1.9775084928333794e-17
Cu-WEHHHE-PCV,600,21.347412483314773,8.461656663883285e-17
Cu-WEHHHE-PCV,602,21.46969237723798,7.418594167687203e-17
Cu-WEHHHE-PCV,604,20.012548457211984,3.696696620281111e-16
Cu-WEHHHE-PCV,606,21.187665380622935,1.0057047479531268e-16
Cu-WEHHHE-PCV,608,19.732346619989787,5.084779480834378e-16
Cu-WEHHHE-PCV,610,20.724478297025982,1.668869817620387e-16
Cu-WEHHHE-PCV,612,19.42341778297587,7.254838698474031e-16
Cu-WEHHHE-PCV,614,20.13102302397343,3.233740771659307e-16
Cu-WEHHHE-PCV,616,19.800207046439883,4.705504566660331e-16
Cu-WEHHHE-PCV,618,20.357224794480235,2.5087945329088e-16
Cu-WEHHHE-PCV,620,19.481968338123455,6.780070103986467e-16
Cu-WEHHHE-PCV,622,19.032941604796953,1.1437878010667746e-15
Cu-WEHHHE-PCV,624,18.000062531035645,3.945157608531106e-15
Cu-WEHHHE-PCV,626,19.208148128112402,9.316728049895489e-16
Cu-WEHHHE-PCV,628,17.73801228404152,5.445477336200184e-15
Cu-WEHHHE-PCV,630,19.000656297690302,1.1880270791934045e-15
Cu-WEHHHE-PCV,632,17.426542595870618,8.023274755298674e-15
Cu-WEHHHE-PCV,634,17.197717081125145,1.0699999983111104e-14
Cu-WEHHHE-PCV,636,17.122997704819895,1.1761637124645848e-14
Cu-WEHHHE-PCV,638,16.87549057453517,1.612405719019813e-14
Cu-WEHHHE-PCV,640,16.42448410791289,2.88950500132629e-14
Cu-WEHHHE-PCV,642,16.008040038311613,5.0018189282829753e-14
Cu-WEHHHE-PCV,644,15.928196676304445,5.5630044441926326e-14
Cu-WEHHHE-PCV,646,15.586320466338444,8.808137830660495e-14
Cu-WEHHHE-PCV,648,16.60124674350086,2.2958927343867698e-14
Cu-WEHHHE-PCV,650,16.39925628343304,2.986336574464218e-14
Cu-WEHHHE-PCV,652,15.898032525504462,5.79159508901393e-14
Cu-WEHHHE-PCV,654,14.581438315289244,3.543450992709676e-13
Cu-WEHHHE-PCV,656,15.975864875714977,5.220580622086738e-14
Cu-WEHHHE-PCV,658,14.612344739184223,3.3917102268054744e-13
Cu-WEHHHE-PCV,660,14.58998257446026,3.500813207263294e-13
Cu-WEHHHE-PCV,662,15.075904581627881,1.772257188424943e-13
Cu-WEHHHE-PCV,664,15.059483622609244,1.8130562030526788e-13
Cu-WEHHHE-PCV,666,16.037915086141826,4.8071688314883015e-14
Cu-WEHHHE-PCV,668,14.850303802430409,2.426450392974438e-13
Cu-WEHHHE-PCV,670,16.841589603523413,1.6840335336997236e-14
Cu-WEHHHE-PCV,672,13.204518542285681,2.65995406131668e-12
Cu-WEHHHE-PCV,674,15.001716810416388,1.9644549725304276e-13
Cu-WEHHHE-PCV,676,12.987332149882633,3.7011256510739764e-12
Cu-WEHHHE-PCV,678,12.12613573177628,1.4214462489696612e-11
Cu-WEHHHE-PCV,680,13.213423159271535,2.624368807825157e-12
Cu-WEHHHE-PCV,682,14.684933546586713,3.0611328638188347e-13
Cu-WEHHHE-PCV,684,14.320746633796958,5.138533971427568e-13
Cu-WEHHHE-PCV,686,13.740251805735424,1.1951477038525467e-12
Cu-WEHHHE-PCV,688,12.910424188022604,4.163932566823789e-12
Cu-WEHHHE-PCV,690,14.194154639423646,6.164958223200672e-13
Cu-WEHHHE-PCV,692,11.037477191547529,8.502915898302622e-11
Cu-WEHHHE-PCV,694,12.11521012180196,1.4464701561319378e-11
Cu-WEHHHE-PCV,696,12.51728739536577,7.658710673240859e-12
Cu-WEHHHE-PCV,698,12.124691843797939,1.4247275267131957e-11
Cu-WEHHHE-PCV,700,12.205460210664016,1.252652479516602e-11
Cu-WEHHHE-PCV,702,12.784297991749686,5.0564296659285545e-12
Cu-WEHHHE-PCV,704,12.184994947522018,1.2941157030136217e-11
Cu-WEHHHE-PCV,706,10.192150654112153,3.671971828261069e-10
Cu-WEHHHE-PCV,708,10.88643971725314,1.0988518843868908e-10
Cu-WEHHHE-PCV,710,11.78001556145843,2.4826789460061518e-11
Cu-WEHHHE-PCV,712,11.262425566026621,5.825946837601473e-11
Cu-WEHHHE-PCV,714,9.892481041417202,6.271679334579547e-10
Cu-WEHHHE-PCV,716,8.979693501271926,3.3932503734824587e-09
Cu-WEHHHE-PCV,718,11.346857110651289,5.0610845229634744e-11
Cu-WEHHHE-PCV,720,9.302912115302744,1.847256836948132e-09
Cu-WEHHHE-PCV,722,9.651645508693807,9.70753145276651e-10
Cu-WEHHHE-PCV,724,11.800894253815027,2.399869703895188e-11
Cu-WEHHHE-PCV,726,11.683800213911825,2.9041700408813186e-11
Cu-WEHHHE-PCV,728,10.779641179126184,1.3189920703956668e-10
Cu-WEHHHE-PCV,730,11.57835724633368,3.451834178488969e-11
Cu-WEHHHE-PCV,732,9.739146398065852,8.277052351599912e-10
Cu-WEHHHE-PCV,734,10.214834739778142,3.5274423882513597e-10
Cu-WEHHHE-PCV,736,9.908422008446898,6.094210576890197e-10
Cu-WEHHHE-PCV,738,10.207839916577798,3.5713725298488075e-10
Cu-WEHHHE-PCV,740,8.581887552112745,7.2886604687000995e-09
Cu-WEHHHE-PCV,742,11.943591871361388,1.905114496103944e-11
Cu-WEHHHE-PCV,744,10.338615789990268,2.8358675073538993e-10
Cu-WEHHHE-PCV,746,8.36090866134968,1.1233986799840987e-08
Cu-WEHHHE-PCV,748,11.321621637682897,5.278173293434929e-11
Cu-WEHHHE-PCV,750,10.546969049745652,1.9707114223081704e-10
Cu-WEHHHE-PCV,752,10.494159886444818,2.1602966858873344e-10
Cu-WEHHHE-PCV,754,9.663200009358807,9.504880810290501e-10
Cu-WEHHHE-PCV,756,9.679384954619724,9.228328284637544e-10
Cu-WEHHHE-PCV,758,11.21063610036655,6.353238011262841e-11
Cu-WEHHHE-PCV,760,10.517796481265538,2.0732166862556952e-10
Cu-WEHHHE-PCV,762,11.271406182047956,5.7392092768989504e-11
Cu-WEHHHE-PCV,764,10.074282853221229,4.527656368588695e-10
Cu-WEHHHE-PCV,766,10.398868905437691,2.551458258234378e-10
Cu-WEHHHE-PCV,768,8.409690290412433,1.0205679718082627e-08
Cu-WEHHHE-PCV,770,6.842606212684952,2.5872256969586004e-07
Cu-WEHHHE-PCV,772,10.765256983724846,1.3519431382092e-10
Cu-WEHHHE-PCV,774,9.670094985342022,9.38603567634329e-10
Cu-WEHHHE-PCV,776,8.121451503886439,1.8071271971044795e-08
Cu-WEHHHE-PCV,778,9.018035633172467,3.1551893300599762e-09
Cu-WEHHHE-PCV,780,9.082827669258528,2.7912870416151543e-09
Cu-WEHHHE-PCV,782,8.970647347511099,3.4520696657312406e-09
Cu-WEHHHE-PCV,784,10.311136670600817,2.9762479348524625e-10
Cu-WEHHHE-PCV,786,8.062990363799909,2.0316637575189336e-08
Cu-WEHHHE-PCV,788,11.978850099501708,1.7999518854537064e-11
Cu-WEHHHE-PCV,790,9.964333308894252,5.511652112840795e-10
Cu-WEHHHE-PCV,792,9.078708758604316,2.8130780703809012e-09
Cu-WEHHHE-PCV,794,9.055135888248735,2.941209893287432e-09
Cu-WEHHHE-PCV,796,9.119914253215509,2.602748873337798e-09
Cu-WEHHHE-PCV,798,10.534662809544324,2.0132995437193598e-10
Cu-WEHHHE-PCV,800,9.075162772388007,2.8319785442030793e-09
Ni-FHFPHHF-BPR,350,38.875035239724106,3.5675279915891406e-23
Ni-FHFPHHF-BPR,352,34.535540083298635,7.340828482975994e-22
Ni-FHFPHHF-BPR,354,30.74939580989397,1.3499921704962748e-20
Ni-FHFPHHF-BPR,356,28.785856198190107,6.880696370893493e-20
Ni-FHFPHHF-BPR,358,26.592504935874327,4.738539593140802e-19
Ni-FHFPHHF-BPR,360,25.61604718659303,1.1659019412962791e-18
Ni-FHFPHHF-BPR,362,25.62027486829595,1.1612981043055154e-18
Ni-FHFPHHF-BPR,364,24.382126569996753,3.784780888984781e-18
Ni-FHFPHHF-BPR,366,24.654140272117733,2.9079433592433284e-18
Ni-FHFPHHF-BPR,368,23.36294719772982,1.0374519961820609e-17
Ni-FHFPHHF-BPR,370,25.390985065607538,1.44033309852027e-18
Ni-FHFPHHF-BPR,372,25.883448734606944,9.086969943316963e-19
Ni-FHFPHHF-BPR,374,26.375523286317243,5.774741539941634e-19
Ni-FHFPHHF-BPR,376,26.304521023735205,6.162542805120105e-19
Ni-FHFPHHF-BPR,378,26.460577966840514,5.343161014425638e-19
Ni-FHFPHHF-BPR,380,26.92005362494499,3.5240841587846854e-19
Ni-FHFPHHF-BPR,382,27.495367990646642,2.1095047541264492e-19
Ni-FHFPHHF-BPR,384,26.346967834447305,5.927583133864847e-19
Ni-FHFPHHF-BPR,386,25.590708962929156,1.1938926125339204e-18
Ni-FHFPHHF-BPR,388,25.813733884810787,9.695125824530541e-19
Ni-FHFPHHF-BPR,390,25.322766695753305,1.5360871664096171e-18
Ni-FHFPHHF-BPR,392,24.63308977379987,2.9676168062421477e-18
Ni-FHFPHHF-BPR,394,24.900074078204273,2.295916682912792e-18
Ni-FHFPHHF-BPR,396,24.515856236786455,3.3238920268110658e-18
Ni-FHFPHHF-BPR,398,25.92105812008345,8.775387925020128e-19
Ni-FHFPHHF-BPR,400,24.254582964282225,4.2860018279997156e-18
Ni-FHFPHHF-BPR,402,24.09072524190285,5.032334562231687e-18
Ni-FHFPHHF-BPR,404,24.18428321202319,4.591110660973903e-18
Ni-FHFPHHF-BPR,406,23.450228542407327,9.503596310942668e-18
Ni-FHFPHHF-BPR,408,22.274926001639297,3.163385280623237e-17
Ni-FHFPHHF-BPR,410,23.485617302754708,9.172327711721501e-18
Ni-FHFPHHF-BPR,412,23.29829677123155,1.1072498899460509e-17
Ni-FHFPHHF-BPR,414,23.817218852475325,6.5912756789983304e-18
Ni-FHFPHHF-BPR,416,23.413342280570433,9.862060385172257e-18
Ni-FHFPHHF-BPR,418,25.755900519398974,1.023148615952505e-18
Ni-FHFPHHF-BPR,420,25.349360145157544,1.4980004512940916e-18
Ni-FHFPHHF-BPR,422,23.740169371751634,7.115008317749483e-18
Ni-FHFPHHF-BPR,424,24.77143767325566,2.597388592104395e-18
Ni-FHFPHHF-BPR,426,25.367049460089873,1.4732075491712263e-18
Ni-FHFPHHF-BPR,428,27.47831241730608,2.1415752283683378e-19
Ni-FHFPHHF-BPR,430,27.071684869873682,3.075663250422275e-19
Ni-FHFPHHF-BPR,432,27.13657974355278,2.9021724672095425e-19
Ni-FHFPHHF-BPR,434,27.611827640422696,1.903371179352703e-19
Ni-FHFPHHF-BPR,436,26.114890919655537,7.335801209424785e-19
Ni-FHFPHHF-BPR,438,27.39635929491148,2.3028509298678795e-19
Ni-FHFPHHF-BPR,440,27.784137052171367,1.6357928021627313e-19
Ni-FHFPHHF-BPR,442,26.428098057865196,5.503895419017339e-19
Ni-FHFPHHF-BPR,444,26.588472876816486,4.755929540766775e-19
Ni-FHFPHHF-BPR,446,26.35536146797854,5.882227793915681e-19
Ni-FHFPHHF-BPR,448,27.200631459878018,2.7408338434867684e-19
Ni-FHFPHHF-BPR,450,26.24151260398042,6.529204781804164e-19
Ni-FHFPHHF-BPR,452,26.63876827619722,4.543646520784878e-19
Ni-FHFPHHF-BPR,454,27.314182713270505,2.4771972924511757e-19
Ni-FHFPHHF-BPR,456,26.90499215472793,3.5721686946286177e-19
Ni-FHFPHHF-BPR,458,26.662031669979697,4.4487928805621995e-19
Ni-FHFPHHF-BPR,460,27.518534256951046,2.0667367759396745e-19
Ni-FHFPHHF-BPR,462,28.315861075544184,1.0297922627594515e-19
Ni-FHFPHHF-BPR,464,26.739143043105646,4.148750671656257e-19
Ni-FHFPHHF-BPR,466,27.787931592113722,1.6303583852350188e-19
Ni-FHFPHHF-BPR,468,28.02974778321806,1.319807122143825e-19
Ni-FHFPHHF-BPR,470,25.92858351556807,8.714379157655839e-19
Ni-FHFPHHF-BPR,472,25.30973726461194,1.5551114865389953e-18
Ni-FHFPHHF-BPR,474,25.559583633038788,1.2292289561126117e-18
Ni-FHFPHHF-BPR,476,26.766421580561875,4.047683316445086e-19
Ni-FHFPHHF-BPR,478,27.57508731471182,1.9660535111056838e-19
Ni-FHFPHHF-BPR,480,26.001180932482438,8.147852634514743e-19
Ni-FHFPHHF-BPR,482,26.370553790321914,5.801044954368897e-19
Ni-FHFPHHF-BPR,484,27.73173331787423,1.712787169010325e-19
Ni-FHFPHHF-BPR,486,28.73326437588237,7.196344373533775e-20
Ni-FHFPHHF-BPR,488,26.942759456487657,3.452854859276899e-19
Ni-FHFPHHF-BPR,490,29.208066415012897,4.8116033940607723e-20
Ni-FHFPHHF-BPR,492,27.12519354911708,2.931864771633491e-19
Ni-FHFPHHF-BPR,494,28.594321172303886,8.104289830545523e-20
Ni-FHFPHHF-BPR,496,29.73870719474963,3.0876524146886983e-20
Ni-FHFPHHF-BPR,498,27.4265140157194,2.2420980552605558e-19
Ni-FHFPHHF-BPR,500,28.770377958805778,6.972080466103315e-20
Ni-FHFPHHF-BPR,502,29.107840815836635,5.235994995472473e-20
Ni-FHFPHHF-BPR,504,29.07447311034755,5.385717704588656e-20
Ni-FHFPHHF-BPR,506,29.10277830621747,5.2584310948003634e-20
Ni-FHFPHHF-BPR,508,28.324271209177866,1.0223401532276722e-19
Ni-FHFPHHF-BPR,510,28.36958781641451,9.831336292740309e-20
Ni-FHFPHHF-BPR,512,27.902497162847183,1.4747682425031429e-19
Ni-FHFPHHF-BPR,514,29.132017852948085,5.13020287952827e-20
Ni-FHFPHHF-BPR,516,28.241066797256305,1.098587172051509e-19
Ni-FHFPHHF-BPR,518,27.736496094603133,1.7056372867853556e-19
Ni-FHFPHHF-BPR,520,27.064098966003307,3.096631522776004e-19
Ni-FHFPHHF-BPR,522,27.38535821709388,2.325436073917116e-19
Ni-FHFPHHF-BPR,524,27.384742530197066,2.326706817254253e-19
Ni-FHFPHHF-BPR,526,26.136564357140664,7.190760894252125e-19
Ni-FHFPHHF-BPR,528,24.248327495981314,4.312281567660644e-18
Ni-FHFPHHF-BPR,530,26.28976565153398,6.24645574832692e-19
Ni-FHFPHHF-BPR,532,25.593810741925992,1.1904291676221948e-18
Ni-FHFPHHF-BPR,534,23.588892911537748,8.272102076786613e-18
Ni-FHFPHHF-BPR,536,22.73040888512247,1.9737107086180888e-17
Ni-FHFPHHF-BPR,538,22.098274172999695,3.8060398103121675e-17
Ni-FHFPHHF-BPR,540,20.63451836501884,1.84319090789742e-16
Ni-FHFPHHF-BPR,542,20.59200811496391,1.932007991619976e-16
Ni-FHFPHHF-BPR,544,20.736845593414408,1.6462724375230952e-16
Ni-FHFPHHF-BPR,546,19.393680282949198,7.508992713264072e-16
Ni-FHFPHHF-BPR,548,19.518121667669206,6.503049954075383e-16
Ni-FHFPHHF-BPR,550,19.671398932179898,5.452327785932582e-16
Ni-FHFPHHF-BPR,552,15.977049858767277,5.21235109556499e-14
Ni-FHFPHHF-BPR,554,17.996864697373532,3.960623513554774e-15
Ni-FHFPHHF-BPR,556,17.099623967074567,1.2115626228531398e-14
Ni-FHFPHHF-BPR,558,16.036404540341547,4.816820456259166e-14
Ni-FHFPHHF-BPR,560,16.462871805613748,2.748338704405627e-14
Ni-FHFPHHF-BPR,562,16.394486421915154,3.0050181781392444e-14
Ni-FHFPHHF-BPR,564,16.09963342638513,4.429422450970596e-14
Ni-FHFPHHF-BPR,566,16.76359985694126,1.8615659881966084e-14
Ni-FHFPHHF-BPR,568,16.81697022248107,1.7381045982371504e-14
Ni-FHFPHHF-BPR,570,16.268048551322124,3.5468366422104933e-14
Ni-FHFPHHF-BPR,572,16.92238609984288,1.51847139700026e-14
Ni-FHFPHHF-BPR,574,16.654750100029585,2.1422463629765394e-14
Ni-FHFPHHF-BPR,576,15.599093602928345,8.657122078036972e-14
Ni-FHFPHHF-BPR,578,15.203594493638791,1.4856395663720372e-13
Ni-FHFPHHF-BPR,580,13.874296949283652,9.814682714210935e-13
Ni-FHFPHHF-BPR,582,13.367926393156855,2.079401055457543e-12
Ni-FHFPHHF-BPR,584,11.928221251198972,1.9529252997332634e-11
Ni-FHFPHHF-BPR,586,11.91952578671327,1.980519605303166e-11
Ni-FHFPHHF-BPR,588,11.522538043853888,3.7838742815822194e-11
Ni-FHFPHHF-BPR,590,11.42614508848941,4.437041688973392e-11
Ni-FHFPHHF-BPR,592,10.943119301724293,9.977881156718493e-11
Ni-FHFPHHF-BPR,594,9.83992565731097,6.895471788016825e-10
Ni-FHFPHHF-BPR,596,9.563438999449376,1.1409135795977391e-09
Ni-FHFPHHF-BPR,598,8.471789783419446,9.035351463047583e-09
Ni-FHFPHHF-BPR,600,7.658453498090412,4.62236696518433e-08
Ni-FHFPHHF-BPR,602,7.217306522201301,1.1602297755680288e-07
Ni-FHFPHHF-BPR,604,6.738270251884886,3.2456092069164395e-07
Ni-FHFPHHF-BPR,606,7.295235505604403,9.843180606197462e-08
Ni-FHFPHHF-BPR,608,6.1531239441144585,1.1906704839376833e-06
Ni-FHFPHHF-BPR,610,6.740004467277192,3.2333618331402334e-07
Ni-FHFPHHF-BPR,612,6.872199656630791,2.4267523527938336e-07
Ni-FHFPHHF-BPR,614,5.873432352771203,2.2550441232249157e-06
Ni-FHFPHHF-BPR,616,5.32987901024926,8.063384966760788e-06
Ni-FHFPHHF-BPR,618,5.756580709851737,2.954667237214411e-06
Ni-FHFPHHF-BPR,620,5.424428512663808,6.440034818918121e-06
Ni-FHFPHHF-BPR,622,5.401987542865146,6.7921543282556255e-06
Ni-FHFPHHF-BPR,624,5.440677054520866,6.196820508885671e-06
Ni-FHFPHHF-BPR,626,5.9199062411857915,2.026394986190902e-06
Ni-FHFPHHF-BPR,628,5.254067287301552,9.665371717225935e-06
Ni-FHFPHHF-BPR,630,5.110171008950751,1.3665600075450896e-05
Ni-FHFPHHF-BPR,632,5.308384896081232,8.487752852392639e-06
Ni-FHFPHHF-BPR,634,4.80826729671525,2.8548133352189197e-05
Ni-FHFPHHF-BPR,636,4.89833467000047,2.2882707083291314e-05
Ni-FHFPHHF-BPR,638,4.956090110729288,1.9869155255543524e-05
Ni-FHFPHHF-BPR,640,4.481621273694673,6.432398241001652e-05
Ni-FHFPHHF-BPR,642,5.6103440036783745,4.155361425590217e-06
Ni-FHFPHHF-BPR,644,4.8298227246109375,2.7073089703895753e-05
Ni-FHFPHHF-BPR,646,4.833419557070889,2.683466706504847e-05
Ni-FHFPHHF-BPR,648,5.6789376979376796,3.5397248518477303e-06
Ni-FHFPHHF-BPR,650,4.3386706582613925,9.22348871899748e-05
Ni-FHFPHHF-BPR,652,4.864677847210018,2.485111855481056e-05
Ni-FHFPHHF-BPR,654,4.685573186055344,3.8662730398340303e-05
Ni-FHFPHHF-BPR,656,4.937586723394868,2.07875719969632e-05
Ni-FHFPHHF-BPR,658,4.831811453507376,2.6940996109466863e-05
Ni-FHFPHHF-BPR,660,4.844963447245068,2.6083890658736102e-05
Ni-FHFPHHF-BPR,662,4.922773115170324,2.155414716283586e-05
Ni-FHFPHHF-BPR,664,4.81820241147458,2.7858303341535565e-05
Ni-FHFPHHF-BPR,666,4.595145913991925,4.841580221925309e-05
Ni-FHFPHHF-BPR,668,4.0228957830177015,0.0002065799890882
Ni-FHFPHHF-BPR,670,4.921701941002301,2.1610689494452728e-05
Ni-FHFPHHF-BPR,672,4.422091987233852,7.471341120501223e-05
Ni-FHFPHHF-BPR,674,4.677452291331647,3.944978672078868e-05
Ni-FHFPHHF-BPR,676,4.679976583652462,3.9203396825472564e-05
Ni-FHFPHHF-BPR,678,5.126456914778079,1.3138260938088545e-05
Ni-FHFPHHF-BPR,680,4.1881030666408785,0.000135246108126037
Ni-FHFPHHF-BPR,682,4.901811747199939,2.2688674166093356e-05
Ni-FHFPHHF-BPR,684,4.883351551108545,2.3738468237244332e-05
Ni-FHFPHHF-BPR,686,4.342114064252123,9.143446448930075e-05
Ni-FHFPHHF-BPR,688,4.460487917841714,6.783159349164395e-05
Ni-FHFPHHF-BPR,690,3.9835776634905624,0.000228615782074785
Ni-FHFPHHF-BPR,692,3.968128014368326,0.0002379178207100369
Ni-FHFPHHF-BPR,694,4.009563473396855,0.00021379827907415475
Ni-FHFPHHF-BPR,696,4.387434641741451,8.153764250940366e-05
Ni-FHFPHHF-BPR,698,3.702708726349389,0.00047431332506611733
Ni-FHFPHHF-BPR,700,3.971524624197929,0.00023584019476516287
Ni-FHFPHHF-BPR,702,4.202605049513781,0.0001303329310738454
Ni-FHFPHHF-BPR,704,3.560449459969974,0.0006889540359196277
Ni-FHFPHHF-BPR,706,3.6489044320288864,0.0005460898377620476
Ni-FHFPHHF-BPR,708,3.813392520624816,0.00035534054026481265
Ni-FHFPHHF-BPR,710,3.3439088505981194,0.0012212155386852764
Ni-FHFPHHF-BPR,712,3.270086974528887,0.0014859154645837714
Ni-FHFPHHF-BPR,714,3.8616061167889937,0.0003134858327680606
Ni-FHFPHHF-BPR,716,3.713680642963316,0.0004608968673015967
Ni-FHFPHHF-BPR,718,3.6039085972815514,0.0006145480614328533
Ni-FHFPHHF-BPR,720,3.4123161798212434,0.0010186729599757454
Ni-FHFPHHF-BPR,722,3.442791643041985,0.0009397495128149485
Ni-FHFPHHF-BPR,724,3.2181277907549517,0.0017064163764375464
Ni-FHFPHHF-BPR,726,3.282909343291938,0.0014360849870753193
Ni-FHFPHHF-BPR,728,3.2994047785907212,0.001374458763555721
Ni-FHFPHHF-BPR,730,3.638432290869374,0.000561296735748953
Ni-FHFPHHF-BPR,732,3.5485308807551976,0.0007109159509527002
Ni-FHFPHHF-BPR,734,3.317303358181296,0.0013106139350976586
Ni-FHFPHHF-BPR,736,2.855452722293345,0.004505055886829542
Ni-FHFPHHF-BPR,738,3.2072270793362656,0.001756725045322063
Ni-FHFPHHF-BPR,740,3.0090440949430763,0.0029837473016832744
Ni-FHFPHHF-BPR,742,3.1761045068153066,0.0019087704825950993
Ni-FHFPHHF-BPR,744,3.4178065596158516,0.0010039734258505682
Ni-FHFPHHF-BPR,746,3.01368297797902,0.002946896498351715
Ni-FHFPHHF-BPR,748,2.7259001692821494,0.006380687379863204
Ni-FHFPHHF-BPR,750,3.1321264306921175,0.0021465836921534007
Ni-FHFPHHF-BPR,752,3.037131389001967,0.0027675241419790916
Ni-FHFPHHF-BPR,754,2.8359396927665674,0.004747443670578035
Ni-FHFPHHF-BPR,756,3.17685745248452,0.0019049394661220002
Ni-FHFPHHF-BPR,758,2.9914349531296756,0.003127908566563298
Ni-FHFPHHF-BPR,760,2.907398051099757,0.003918650938615444
Ni-FHFPHHF-BPR,762,2.9528752704472407,0.0034685647684855225
Ni-FHFPHHF-BPR,764,2.5971109416730207,0.009019156867794474
Ni-FHFPHHF-BPR,766,3.0609762813922745,0.002596395245068021
Ni-FHFPHHF-BPR,768,3.055389077733198,0.0026355110176529183
Ni-FHFPHHF-BPR,770,2.652734887262573,0.007767163027207766
Ni-FHFPHHF-BPR,772,3.375704748324603,0.0011224356741857907
Ni-FHFPHHF-BPR,774,2.557074076425732,0.0100429480223494
Ni-FHFPHHF-BPR,776,2.7945213455330404,0.005306184564259852
Ni-FHFPHHF-BPR,778,2.5775935606640554,0.009504557907993823
Ni-FHFPHHF-BPR,780,2.6466996172162554,0.007894155696941683
Ni-FHFPHHF-BPR,782,2.2596483613577267,0.022253845131533362
Ni-FHFPHHF-BPR,784,2.5281962960867737,0.010852409644999218
Ni-FHFPHHF-BPR,786,2.4786703924325915,0.012394332868428667
Ni-FHFPHHF-BPR,788,2.7488830718967123,0.0059985020949980036
Ni-FHFPHHF-BPR,790,2.1399136090561526,0.030569493062976395
Ni-FHFPHHF-BPR,792,2.269081815045941,0.02170213494748695
Ni-FHFPHHF-BPR,794,2.269716966729669,0.02166547470091375
Ni-FHFPHHF-BPR,796,2.527023644266439,0.010886616026492112
Ni-FHFPHHF-BPR,798,2.471571877256631,0.012632464421962327
Ni-FHFPHHF-BPR,800,2.27287496887831,0.021484099105967033
Cu-WDDHDD-PCV,350,16.329376102086126,3.2724451591267214e-14
Cu-WDDHDD-PCV,352,13.860632805095035,1.0013168421109707e-12
Cu-WDDHDD-PCV,354,13.949513122978376,8.792509530973827e-13
Cu-WDDHDD-PCV,356,12.985794276517206,3.709839585268512e-12
Cu-WDDHDD-PCV,358,11.260848800424363,5.841314784361427e-11
Cu-WDDHDD-PCV,360,10.591855227092019,1.823092078367161e-10
Cu-WDDHDD-PCV,362,11.086835862315885,7.82291229500482e-11
Cu-WDDHDD-PCV,364,10.346963295849317,2.7945899773479596e-10
Cu-WDDHDD-PCV,366,8.91015444455782,3.873402983984875e-09
Cu-WDDHDD-PCV,368,10.036899204317574,4.840090699668162e-10
Cu-WDDHDD-PCV,370,10.953406326252823,9.804994330383205e-11
Cu-WDDHDD-PCV,372,9.830610201653261,7.012550798346085e-10
Cu-WDDHDD-PCV,374,9.908650030264205,6.091709959355919e-10
Cu-WDDHDD-PCV,376,10.927153068300788,1.025246919228407e-10
Cu-WDDHDD-PCV,378,10.882225685236756,1.1067755598582026e-10
Cu-WDDHDD-PCV,380,9.862133092171367,6.624425065597294e-10
Cu-WDDHDD-PCV,382,9.708553380524013,8.750690619311183e-10
Cu-WDDHDD-PCV,384,10.818370207221617,1.2343284890102336e-10
Cu-WDDHDD-PCV,386,9.648430146970096,9.764713477909228e-10
Cu-WDDHDD-PCV,388,9.198131807362165,2.246941726245698e-09
Cu-WDDHDD-PCV,390,9.347378714233457,1.7005301888253201e-09
Cu-WDDHDD-PCV,392,9.219411162086322,2.159107712979985e-09
Cu-WDDHDD-PCV,394,8.883762843457143,4.073506022135777e-09
Cu-WDDHDD-PCV,396,8.424187256479966,9.91917497042835e-09
Cu-WDDHDD-PCV,398,8.570891128069702,7.446263733116999e-09
Cu-WDDHDD-PCV,400,8.208993612696533,1.5176193695671354e-08
Cu-WDDHDD-PCV,402,7.891903232574267,2.869158947126447e-08
Cu-WDDHDD-PCV,404,7.897887119099132,2.8345558484519074e-08
Cu-WDDHDD-PCV,406,7.6256144982830225,4.9458301337281404e-08
Cu-WDDHDD-PCV,408,7.265860746455952,1.0471559005580133e-07
Cu-WDDHDD-PCV,410,7.052921971873672,1.6456130942201682e-07
Cu-WDDHDD-PCV,412,7.110389248525511,1.4557496211992554e-07
Cu-WDDHDD-PCV,414,7.139318154729813,1.368857353546188e-07
Cu-WDDHDD-PCV,416,6.956672808415669,2.022705534841721e-07
Cu-WDDHDD-PCV,418,7.076572798815412,1.5645622262075862e-07
Cu-WDDHDD-PCV,420,6.852830367454893,2.530584311997229e-07
Cu-WDDHDD-PCV,422,6.884985867873857,2.3606219210466174e-07
Cu-WDDHDD-PCV,424,6.963971605229783,1.9912169733866433e-07
Cu-WDDHDD-PCV,426,6.705270604881497,3.487981137160476e-07
Cu-WDDHDD-PCV,428,6.650093260887204,3.935677430266406e-07
Cu-WDDHDD-PCV,430,6.663026873571948,3.825689623833743e-07
Cu-WDDHDD-PCV,432,6.767982768035166,3.0422158728175555e-07
Cu-WDDHDD-PCV,434,6.702670807962437,3.507850460700997e-07
Cu-WDDHDD-PCV,436,6.595935029616944,4.4327746449649905e-07
Cu-WDDHDD-PCV,438,6.494944941597472,5.539588206944607e-07
Cu-WDDHDD-PCV,440,6.621436498578071,4.19112043319642e-07
Cu-WDDHDD-PCV,442,6.591281204756588,4.4783990937664893e-07
Cu-WDDHDD-PCV,444,6.378916045905458,7.16913822468099e-07
Cu-WDDHDD-PCV,446,6.477424444714171,5.75883870528037e-07
Cu-WDDHDD-PCV,448,6.779891217711231,2.964423576862284e-07
Cu-WDDHDD-PCV,450,6.702544632362564,3.5088177345373395e-07
Cu-WDDHDD-PCV,452,6.514912483085874,5.300154976228643e-07
Cu-WDDHDD-PCV,454,6.6415967949910515,4.0096979137210317e-07
Cu-WDDHDD-PCV,456,6.5484412246691575,4.921779778723596e-07
Cu-WDDHDD-PCV,458,6.6967930077523325,3.5532029269722314e-07
Cu-WDDHDD-PCV,460,6.843762261621377,2.5807563280992383e-07
Cu-WDDHDD-PCV,462,7.1426297912593055,1.3592569331697097e-07
Cu-WDDHDD-PCV,464,6.882646640300988,2.3725803056307973e-07
Cu-WDDHDD-PCV,466,7.037387668970827,1.701189976665565e-07
Cu-WDDHDD-PCV,468,6.9989027722944845,1.847356688720584e-07
Cu-WDDHDD-PCV,470,7.129163109793613,1.3987344315275407e-07
Cu-WDDHDD-PCV,472,7.061979012392805,1.6140758420765424e-07
Cu-WDDHDD-PCV,474,7.350820540635999,8.758188737107629e-08
Cu-WDDHDD-PCV,476,7.877002149941416,2.957231957779684e-08
Cu-WDDHDD-PCV,478,8.324116263687813,1.2079824343432164e-08
Cu-WDDHDD-PCV,480,8.142508466156858,1.7326583421259782e-08
Cu-WDDHDD-PCV,482,8.145511877591023,1.722297306756605e-08
Cu-WDDHDD-PCV,484,8.898811472200718,3.958134481383702e-09
Cu-WDDHDD-PCV,486,8.525550081897267,8.134131170940684e-09
Cu-WDDHDD-PCV,488,8.730428258079018,5.466959615898948e-09
Cu-WDDHDD-PCV,490,9.039972669406422,3.026797441192683e-09
Cu-WDDHDD-PCV,492,9.509675472628503,1.2594524286621037e-09
Cu-WDDHDD-PCV,494,9.480570207436205,1.328854109953214e-09
Cu-WDDHDD-PCV,496,10.482922874227203,2.203010148832385e-10
Cu-WDDHDD-PCV,498,10.912612311391559,1.0509325961363145e-10
Cu-WDDHDD-PCV,500,10.999636920252028,9.065359833013264e-11
Cu-WDDHDD-PCV,502,11.246580697182068,5.982295409807082e-11
Cu-WDDHDD-PCV,504,11.681017833679386,2.9174036222387797e-11
Cu-WDDHDD-PCV,506,12.551340073593783,7.2614819949779395e-12
Cu-WDDHDD-PCV,508,12.556337050985071,7.2050066828177865e-12
Cu-WDDHDD-PCV,510,12.522729698051547,7.593749991376388e-12
Cu-WDDHDD-PCV,512,13.507671149059,1.6871698427016763e-12
Cu-WDDHDD-PCV,514,14.74905204621777,2.796827914153179e-13
Cu-WDDHDD-PCV,516,14.279042841358839,5.455604479000593e-13
Cu-WDDHDD-PCV,518,15.07574570285865,1.7726473583312984e-13
Cu-WDDHDD-PCV,520,15.37383915422103,1.1761097512680006e-13
Cu-WDDHDD-PCV,522,15.757058013251527,6.995836292861615e-14
Cu-WDDHDD-PCV,524,16.121732231864694,4.301737866088477e-14
Cu-WDDHDD-PCV,526,16.39855860174098,2.9890616033081004e-14
Cu-WDDHDD-PCV,528,16.617139254262963,2.249100878459116e-14
Cu-WDDHDD-PCV,530,16.623894702036196,2.2295103500337823e-14
Cu-WDDHDD-PCV,532,16.569349404286356,2.3928656150120354e-14
Cu-WDDHDD-PCV,534,16.488265789740744,2.6588863516218428e-14
Cu-WDDHDD-PCV,536,15.679013369776854,7.771000986567446e-14
Cu-WDDHDD-PCV,538,16.819642116326033,1.7321506257058318e-14
Cu-WDDHDD-PCV,540,16.43883299085949,2.8358821805121108e-14
Cu-WDDHDD-PCV,542,16.294388041932585,3.4261880856779683e-14
Cu-WDDHDD-PCV,544,15.807947176319074,6.53379974645014e-14
Cu-WDDHDD-PCV,546,15.915824834717712,5.655612671721283e-14
Cu-WDDHDD-PCV,548,16.13030864277483,4.253213580787904e-14
Cu-WDDHDD-PCV,550,15.98590083819535,5.1513045668789896e-14
Cu-WDDHDD-PCV,552,15.55011878823687,9.251105130481788e-14
Cu-WDDHDD-PCV,554,15.889096373436054,5.861161324891372e-14
Cu-WDDHDD-PCV,556,15.785947613234521,6.729546440377754e-14
Cu-WDDHDD-PCV,558,16.269192505008736,3.5415066695012516e-14
Cu-WDDHDD-PCV,560,15.823777715664516,6.396588383619047e-14
Cu-WDDHDD-PCV,562,15.514808591383488,9.70535189510102e-14
Cu-WDDHDD-PCV,564,16.815913112160494,1.740466064519085e-14
Cu-WDDHDD-PCV,566,16.00346955926997,5.032307949806024e-14
Cu-WDDHDD-PCV,568,15.540859619568867,9.36805331824312e-14
Cu-WDDHDD-PCV,570,15.556857018983264,9.166946244501163e-14
Cu-WDDHDD-PCV,572,15.368156321286802,1.1852838699729124e-13
Cu-WDDHDD-PCV,574,15.043146384640316,1.854610308380278e-13
Cu-WDDHDD-PCV,576,14.267189947050483,5.549358409264652e-13
Cu-WDDHDD-PCV,578,14.0198396504275,7.936117022773738e-13
Cu-WDDHDD-PCV,580,14.229698243681627,5.857014187509261e-13
Cu-WDDHDD-PCV,582,13.854941373534379,1.0097060591119186e-12
Cu-WDDHDD-PCV,584,13.770921320668421,1.1423536375713818e-12
Cu-WDDHDD-PCV,586,12.823609226594305,4.758826776290305e-12
Cu-WDDHDD-PCV,588,12.919560585517022,4.1059597475957e-12
Cu-WDDHDD-PCV,590,12.217459355382088,1.228981891290303e-11
Cu-WDDHDD-PCV,592,11.217757408436109,6.277906287931289e-11
Cu-WDDHDD-PCV,594,10.783366844581677,1.3105932606041034e-10
Cu-WDDHDD-PCV,596,10.686226609293039,1.548768797857118e-10
Cu-WDDHDD-PCV,598,9.870369262074329,6.52671583749982e-10
Cu-WDDHDD-PCV,600,9.93234385630537,5.837553463426226e-10
Cu-WDDHDD-PCV,602,9.484190509938893,1.3200109096374174e-09
Cu-WDDHDD-PCV,604,9.557636900315087,1.1531324705637715e-09
Cu-WDDHDD-PCV,606,8.885173383317717,4.062546246436564e-09
Cu-WDDHDD-PCV,608,9.097011532874118,2.7175700315353528e-09
Cu-WDDHDD-PCV,610,8.300451604541964,1.2658306127639597e-08
Cu-WDDHDD-PCV,612,7.814579845718712,3.357553926164382e-08
Cu-WDDHDD-PCV,614,7.2379656129884395,1.1106556211910115e-07
Cu-WDDHDD-PCV,616,7.530904036756579,6.015825674092905e-08
Cu-WDDHDD-PCV,618,7.036742036202849,1.7035412462081686e-07
Cu-WDDHDD-PCV,620,7.5151295790547445,6.21599288531591e-08
Cu-WDDHDD-PCV,622,7.181132010968957,1.2525954139413835e-07
Cu-WDDHDD-PCV,624,7.117898890109637,1.4326614113328716e-07
Cu-WDDHDD-PCV,626,6.895818600227692,2.3060474084852823e-07
Cu-WDDHDD-PCV,628,6.752848683883166,3.1441213690001786e-07
Cu-WDDHDD-PCV,630,6.703739037081509,3.4996723052376024e-07
Cu-WDDHDD-PCV,632,6.3014769938669435,8.524580315471577e-07
Cu-WDDHDD-PCV,634,6.266196801301162,9.226976760678437e-07
Cu-WDDHDD-PCV,636,6.17926067387696,1.1223408224728166e-06
Cu-WDDHDD-PCV,638,6.363512116573557,7.419883403632393e-07
Cu-WDDHDD-PCV,640,6.4876155204803885,5.630244158432797e-07
Cu-WDDHDD-PCV,642,6.255961904473038,9.441685959540266e-07
Cu-WDDHDD-PCV,644,6.229726243227468,1.0015845896867537e-06
Cu-WDDHDD-PCV,646,6.389975102056294,6.994507030321319e-07
Cu-WDDHDD-PCV,648,6.500844991263871,5.467703541626272e-07
Cu-WDDHDD-PCV,650,6.783333009098039,2.9423235277049057e-07
Cu-WDDHDD-PCV,652,6.537080893785981,5.046766489307793e-07
Cu-WDDHDD-PCV,654,6.654825810869298,3.895059031171895e-07
Cu-WDDHDD-PCV,656,6.1606552560052865,1.170553534509614e-06
Cu-WDDHDD-PCV,658,6.479472314883788,5.732757535974427e-07
Cu-WDDHDD-PCV,660,6.840115887778578,2.6012185823442557e-07
Cu-WDDHDD-PCV,662,6.314096869794047,8.286891374542051e-07
Cu-WDDHDD-PCV,664,6.1497676798029115,1.1997496131745254e-06
Cu-WDDHDD-PCV,666,6.079660499819713,1.4065795312695053e-06
Cu-WDDHDD-PCV,668,6.5723169300754885,4.669371968314078e-07
Cu-WDDHDD-PCV,670,5.932800845534393,1.9672783092929897e-06
Cu-WDDHDD-PCV,672,5.984465986407898,1.7476408404159761e-06
Cu-WDDHDD-PCV,674,5.916370214699073,2.0429231152030106e-06
Cu-WDDHDD-PCV,676,6.373049756908425,7.263585833679601e-07
Cu-WDDHDD-PCV,678,6.276546705739017,9.014957566161417e-07
Cu-WDDHDD-PCV,680,5.991993886636259,1.7178098259629908e-06
Cu-WDDHDD-PCV,682,5.393739418318205,6.926490170362253e-06
Cu-WDDHDD-PCV,684,4.54766596754469,5.4511969007889005e-05
Cu-WDDHDD-PCV,686,4.49148312223123,6.275120463269883e-05
Cu-WDDHDD-PCV,688,4.834860493208804,2.673975654520202e-05
Cu-WDDHDD-PCV,690,4.302446642373762,0.00010110212097672107
Cu-WDDHDD-PCV,692,4.49752701506219,6.180681644966097e-05
Cu-WDDHDD-PCV,694,4.068478151095234,0.00018372561474249785
Cu-WDDHDD-PCV,696,3.892193288394106,0.00028957125184303977
Cu-WDDHDD-PCV,698,3.765478783677144,0.0004025854222017668
Cu-WDDHDD-PCV,700,4.085494935886103,0.00017587011784949997
Cu-WDDHDD-PCV,702,3.5651742597718328,0.0006804397363438427
Cu-WDDHDD-PCV,704,3.2411241056432893,0.0016050102050957915
Cu-WDDHDD-PCV,706,3.814518058867701,0.0003543012837853108
Cu-WDDHDD-PCV,708,3.475807072234997,0.0008612248832264135
Cu-WDDHDD-PCV,710,3.4523785973061307,0.0009162270039670395
Cu-WDDHDD-PCV,712,3.466812796883523,0.0008819328050045944
Cu-WDDHDD-PCV,714,4.028920609179832,0.00020340010130766038
Cu-WDDHDD-PCV,716,3.3116441577638884,0.001330469061800798
Cu-WDDHDD-PCV,718,4.080151571256493,0.0001782991636426775
Cu-WDDHDD-PCV,720,3.488554410144098,0.0008327182668790485
Cu-WDDHDD-PCV,722,3.374699397166589,0.0011254314669897209
Cu-WDDHDD-PCV,724,3.647783700399702,0.000547697066497561
Cu-WDDHDD-PCV,726,3.1791762436923743,0.0018931901085427047
Cu-WDDHDD-PCV,728,3.2170042489337782,0.001711533663357281
Cu-WDDHDD-PCV,730,3.184089539595778,0.0018685357602631636
Cu-WDDHDD-PCV,732,3.433672102051069,0.0009626937070360223
Cu-WDDHDD-PCV,734,3.0476116267949593,0.0026909519734745766
Cu-WDDHDD-PCV,736,2.80173060196155,0.0052043952373582196
Cu-WDDHDD-PCV,738,2.750932399232605,0.005965557046329176
Cu-WDDHDD-PCV,740,3.4639829077836035,0.0008885521357752726
Cu-WDDHDD-PCV,742,3.169587410820112,0.0019422567588313234
Cu-WDDHDD-PCV,744,3.2784599795685057,0.0014531816079875704
Cu-WDDHDD-PCV,746,3.814000808328572,0.00035477849785285853
Cu-WDDHDD-PCV,748,3.4075424630188365,0.0010316310514767062
Cu-WDDHDD-PCV,750,3.4360169437516763,0.0009567405056073541
Cu-WDDHDD-PCV,752,2.9658044092062856,0.0033503699252493213
Cu-WDDHDD-PCV,754,3.054642965465826,0.0026407793003519046
Cu-WDDHDD-PCV,756,2.7655573370094553,0.005735647297828302
Cu-WDDHDD-PCV,758,3.6616821437454092,0.0005281009668966465
Cu-WDDHDD-PCV,760,3.143105019342936,0.0020845490078811326
Cu-WDDHDD-PCV,762,3.1500049231503193,0.0020464906871345456
Cu-WDDHDD-PCV,764,3.509094297480871,0.0007887853049678471
Cu-WDDHDD-PCV,766,2.9163413796333852,0.0038257236457174618
Cu-WDDHDD-PCV,768,3.341122457529037,0.0012302811650178936
Cu-WDDHDD-PCV,770,3.6524078343269015,0.0005410965084814459
Cu-WDDHDD-PCV,772,2.5843037508363325,0.009334807881453631
Cu-WDDHDD-PCV,774,2.82386993402183,0.004903880375893257
Cu-WDDHDD-PCV,776,3.1065272090932736,0.0022985727862318197
Cu-WDDHDD-PCV,778,3.097634639429529,0.0023538752608915814
Cu-WDDHDD-PCV,780,3.0936591930095685,0.0023790308460724923
Cu-WDDHDD-PCV,782,2.7336389101094944,0.006249352205674461
Cu-WDDHDD-PCV,784,3.0899504579713146,0.0024027432992314657
Cu-WDDHDD-PCV,786,3.2173276630604994,0.0017100590518947254
Cu-WDDHDD-PCV,788,3.032155370530839,0.002804645925255632
Cu-WDDHDD-PCV,790,2.8964374004163074,0.004035639967129223
Cu-WDDHDD-PCV,792,3.0191943299341837,0.00290371038636794
Cu-WDDHDD-PCV,794,2.7257257315969814,0.006383679394856093
Cu-WDDHDD-PCV,796,3.2917765952689666,0.0014026174076924318
Cu-WDDHDD-PCV,798,3.2224394016839097,0.0016869218938882484
Cu-WDDHDD-PCV,800,2.719014699289809,0.006499861319949967
Ni-WEEHEE-BPR,350,12.731640055180673,5.4854618169466715e-12
Ni-WEEHEE-BPR,352,11.273561553038034,5.718591039198562e-11
Ni-WEEHEE-BPR,354,10.02878055256561,4.910833437402422e-10
Ni-WEEHEE-BPR,356,9.163640621449906,2.39721590487949e-09
Ni-WEEHEE-BPR,358,8.862626412526238,4.241434697070469e-09
Ni-WEEHEE-BPR,360,8.160098178838597,1.672878651210347e-08
Ni-WEEHEE-BPR,362,7.933553686745361,2.6370368206169343e-08
Ni-WEEHEE-BPR,364,7.749985682323577,3.830920909116861e-08
Ni-WEEHEE-BPR,366,7.498169052914614,6.438878270953106e-08
Ni-WEEHEE-BPR,368,7.199331748002291,1.2052149430389559e-07
Ni-WEEHEE-BPR,370,7.543409695911856,5.861862204743422e-08
Ni-WEEHEE-BPR,372,7.19090933723736,1.226907784954044e-07
Ni-WEEHEE-BPR,374,7.188477606179895,1.233245476863172e-07
Ni-WEEHEE-BPR,376,6.982776606514137,1.9123920645254285e-07
Ni-WEEHEE-BPR,378,7.03470158295425,1.7109942016182893e-07
Ni-WEEHEE-BPR,380,6.725687666408247,3.3359119543845237e-07
Ni-WEEHEE-BPR,382,6.834727055981093,2.631765176492798e-07
Ni-WEEHEE-BPR,384,6.568356247964283,4.7103032629954645e-07
Ni-WEEHEE-BPR,386,6.222804538935544,1.0173229670915232e-06
Ni-WEEHEE-BPR,388,6.27821396988815,8.981274914952558e-07
Ni-WEEHEE-BPR,390,5.8784629543707245,2.229063509993545e-06
Ni-WEEHEE-BPR,392,5.807428526824957,2.6262430408709864e-06
Ni-WEEHEE-BPR,394,5.882162279723524,2.210154719649836e-06
Ni-WEEHEE-BPR,396,5.5518403685391045,4.766990818180489e-06
Ni-WEEHEE-BPR,398,5.637163323633239,3.9025145348867096e-06
Ni-WEEHEE-BPR,400,5.557113817285288,4.708252700923842e-06
Ni-WEEHEE-BPR,402,5.273307183727942,9.23017505014572e-06
Ni-WEEHEE-BPR,404,5.144210166586203,1.2587134504461718e-05
Ni-WEEHEE-BPR,406,5.019939871152474,1.700718300414559e-05
Ni-WEEHEE-BPR,408,5.044651814888865,1.6016243551522226e-05
Ni-WEEHEE-BPR,410,5.026335726899486,1.6744831620903788e-05
Ni-WEEHEE-BPR,412,4.871302234642837,2.4450420940485876e-05
Ni-WEEHEE-BPR,414,4.985746938958743,1.8482993417174196e-05
Ni-WEEHEE-BPR,416,4.98137261358983,1.868104645118054e-05
Ni-WEEHEE-BPR,418,5.4029694819293885,6.776340788996563e-06
Ni-WEEHEE-BPR,420,5.141713131396415,1.2663195538140564e-05
Ni-WEEHEE-BPR,422,5.089705135435492,1.4359211263331793e-05
Ni-WEEHEE-BPR,424,5.2451694260946695,9.873703621474248e-06
Ni-WEEHEE-BPR,426,5.216604304030789,1.0574200553817044e-05
Ni-WEEHEE-BPR,428,5.55983101251278,4.678277991874948e-06
Ni-WEEHEE-BPR,430,5.512889843214338,5.224818614430381e-06
Ni-WEEHEE-BPR,432,5.559084581956868,4.686492656241995e-06
Ni-WEEHEE-BPR,434,5.46365782040074,5.868831065686049e-06
Ni-WEEHEE-BPR,436,5.492601899134159,5.480933886627732e-06
Ni-WEEHEE-BPR,438,5.458944349001768,5.93461901968866e-06
Ni-WEEHEE-BPR,440,5.359980823395456,7.505368782320689e-06
Ni-WEEHEE-BPR,442,5.457144423485742,5.9599407061686895e-06
Ni-WEEHEE-BPR,444,5.600624322759954,4.251098896659719e-06
Ni-WEEHEE-BPR,446,5.532661399101651,4.987036302193049e-06
Ni-WEEHEE-BPR,448,5.688176030561122,3.46428429044593e-06
Ni-WEEHEE-BPR,450,5.481873212543677,5.621549180507248e-06
Ni-WEEHEE-BPR,452,5.545149268775955,4.8426042132743234e-06
Ni-WEEHEE-BPR,454,5.6089262373205795,4.169187092282978e-06
Ni-WEEHEE-BPR,456,5.3975900129519685,6.863439982787841e-06
Ni-WEEHEE-BPR,458,5.590601680366647,4.352195044568862e-06
Ni-WEEHEE-BPR,460,5.820598972810734,2.5474583135786205e-06
Ni-WEEHEE-BPR,462,5.85417474036489,2.357410669900708e-06
Ni-WEEHEE-BPR,464,5.633046218911841,3.94027854318714e-06
Ni-WEEHEE-BPR,466,5.696257082704322,3.3996489048387832e-06
Ni-WEEHEE-BPR,468,5.666259940195945,3.6460083579700578e-06
Ni-WEEHEE-BPR,470,5.607580479377311,4.182354262340977e-06
Ni-WEEHEE-BPR,472,5.628124631754063,3.9859146371536576e-06
Ni-WEEHEE-BPR,474,5.47263174343181,5.745640133436027e-06
Ni-WEEHEE-BPR,476,5.784023095106936,2.7724884211631398e-06
Ni-WEEHEE-BPR,478,5.842887483710406,2.4196177120045125e-06
Ni-WEEHEE-BPR,480,5.592139540725943,4.3365240455424964e-06
Ni-WEEHEE-BPR,482,5.8588413845312814,2.3321740155495327e-06
Ni-WEEHEE-BPR,484,6.0899155215110286,1.3741720641899006e-06
Ni-WEEHEE-BPR,486,6.142227844273769,1.2204063539226396e-06
Ni-WEEHEE-BPR,488,5.805669450102008,2.636953650760037e-06
Ni-WEEHEE-BPR,490,6.260083381839429,9.354613640241245e-07
Ni-WEEHEE-BPR,492,6.083677216348162,1.393793475918298e-06
Ni-WEEHEE-BPR,494,6.238093654936247,9.828927708941381e-07
Ni-WEEHEE-BPR,496,6.324011531492918,8.104941369339716e-07
Ni-WEEHEE-BPR,498,5.921728782868698,2.0179297805576037e-06
Ni-WEEHEE-BPR,500,6.261012172791838,9.335105832483082e-07
Ni-WEEHEE-BPR,502,6.363930676114953,7.412952228720133e-07
Ni-WEEHEE-BPR,504,6.407151805254464,6.731902012387461e-07
Ni-WEEHEE-BPR,506,6.297848010413247,8.594220261348912e-07
Ni-WEEHEE-BPR,508,6.43162578777561,6.375135723177266e-07
Ni-WEEHEE-BPR,510,6.187243878739597,1.1022843090412708e-06
Ni-WEEHEE-BPR,512,6.536185024012471,5.056760762251354e-07
Ni-WEEHEE-BPR,514,6.816268384222621,2.7392257721810864e-07
Ni-WEEHEE-BPR,516,6.4853519239728685,5.658549476635179e-07
Ni-WEEHEE-BPR,518,6.362853210541514,7.430808127881627e-07
Ni-WEEHEE-BPR,520,6.485167090140574,5.660867201219164e-07
Ni-WEEHEE-BPR,522,6.770071378455914,3.028421545806056e-07
Ni-WEEHEE-BPR,524,6.567202486417605,4.722296003476659e-07
Ni-WEEHEE-BPR,526,6.700000653760196,3.52837877800399e-07
Ni-WEEHEE-BPR,528,6.44306335871127,6.215132210588661e-07
Ni-WEEHEE-BPR,530,6.723143917931002,3.354479968788221e-07
Ni-WEEHEE-BPR,532,6.8559967961669885,2.5133025139683814e-07
Ni-WEEHEE-BPR,534,6.463204594020797,5.943338605783539e-07
Ni-WEEHEE-BPR,536,6.253398600393821,9.496259544542996e-07
Ni-WEEHEE-BPR,538,6.497420236607933,5.509312195927396e-07
Ni-WEEHEE-BPR,540,6.275296390092587,9.040302103501802e-07
Ni-WEEHEE-BPR,542,6.410860782693789,6.67654153932745e-07
Ni-WEEHEE-BPR,544,6.389992097891848,6.994242046994178e-07
Ni-WEEHEE-BPR,546,6.218156535223377,1.0280340020783027e-06
Ni-WEEHEE-BPR,548,6.525655810066505,5.175761790021379e-07
Ni-WEEHEE-BPR,550,6.504635632612168,5.422026357551376e-07
Ni-WEEHEE-BPR,552,6.018627050620239,1.6164060995683738e-06
Ni-WEEHEE-BPR,554,6.401340741139145,6.819589653124644e-07
Ni-WEEHEE-BPR,556,6.553370368107726,4.868544132529223e-07
Ni-WEEHEE-BPR,558,6.5164067281278575,5.282671116099151e-07
Ni-WEEHEE-BPR,560,6.775240970700654,2.9945548923698473e-07
Ni-WEEHEE-BPR,562,6.5960306993521804,4.4318417660170445e-07
Ni-WEEHEE-BPR,564,7.058554136641572,1.6259276900090375e-07
Ni-WEEHEE-BPR,566,7.081214655704978,1.549143347676518e-07
Ni-WEEHEE-BPR,568,7.21692283181394,1.161171743968696e-07
Ni-WEEHEE-BPR,570,7.026613581405731,1.7408682280439543e-07
Ni-WEEHEE-BPR,572,6.809211394869547,2.781493667665231e-07
Ni-WEEHEE-BPR,574,6.970222442331696,1.9646508181756378e-07
Ni-WEEHEE-BPR,576,6.346250562296912,7.711611725075893e-07
Ni-WEEHEE-BPR,578,6.332366666993239,7.954803394017253e-07
Ni-WEEHEE-BPR,580,6.023525055272987,1.5984377374594696e-06
Ni-WEEHEE-BPR,582,5.404111628198499,6.757994746955582e-06
Ni-WEEHEE-BPR,584,5.286053751144801,8.952974684487334e-06
Ni-WEEHEE-BPR,586,4.960863362132057,1.963905504179279e-05
Ni-WEEHEE-BPR,588,4.79429965668996,2.954767484112368e-05
Ni-WEEHEE-BPR,590,4.670150387448305,4.017147326377269e-05
Ni-WEEHEE-BPR,592,4.306302490762465,0.00010011819232444673
Ni-WEEHEE-BPR,594,3.9182241437811105,0.0002706871776308801
Ni-WEEHEE-BPR,596,3.8415270573284763,0.0003302699593677647
Ni-WEEHEE-BPR,598,3.5393954306389315,0.0007282299433302456
Ni-WEEHEE-BPR,600,3.4949062447516406,0.000818873182800832
Ni-WEEHEE-BPR,602,3.102811801924966,0.00232151745457501
Ni-WEEHEE-BPR,604,3.0252153429271917,0.002857259122557658
Ni-WEEHEE-BPR,606,3.193894549699088,0.001820300877372445
Ni-WEEHEE-BPR,608,2.876002044662405,0.004263212029873097
Ni-WEEHEE-BPR,610,2.739872495597338,0.006145530924407605
Ni-WEEHEE-BPR,612,2.817757057091684,0.00498507202434602
Ni-WEEHEE-BPR,614,2.4895875894020634,0.012036759668805961
Ni-WEEHEE-BPR,616,2.668489744772735,0.007445182047086771
Ni-WEEHEE-BPR,618,2.6007864633761306,0.008930548437414232
Ni-WEEHEE-BPR,620,2.5569452729249806,0.010046421664140956
Ni-WEEHEE-BPR,622,2.370189051139453,0.016571521902479337
Ni-WEEHEE-BPR,624,2.4048614653371425,0.015103899196900718
Ni-WEEHEE-BPR,626,2.204670593750694,0.02575358619191414
Ni-WEEHEE-BPR,628,1.964969129248142,0.048368987187228804
Ni-WEEHEE-BPR,630,1.9602761255230763,0.048962970830201014
Ni-WEEHEE-BPR,632,2.0891543470385336,0.03494722837771711
Ni-WEEHEE-BPR,634,2.0356674783317974,0.0402166673488988
Ni-WEEHEE-BPR,636,1.885094692889202,0.05948400764427442
Ni-WEEHEE-BPR,638,1.9192892139892717,0.05445596340056375
Ni-WEEHEE-BPR,640,1.8418881348838594,0.06646959563288928
Ni-WEEHEE-BPR,642,1.9778640707404025,0.046772274859757566
Ni-WEEHEE-BPR,644,1.776640763707367,0.07850282061681445
Ni-WEEHEE-BPR,646,1.7599217772434241,0.08190000494448421
Ni-WEEHEE-BPR,648,1.7580235209506447,0.08229428705531575
Ni-WEEHEE-BPR,650,1.4336803909006963,0.18186035522287644
Ni-WEEHEE-BPR,652,1.5936170404287107,0.12394329705284551
Ni-WEEHEE-BPR,654,1.709363099311678,0.09302582577397304
Ni-WEEHEE-BPR,656,1.4890557078057076,0.15956355566563235
Ni-WEEHEE-BPR,658,1.5350847674057768,0.14289246834122868
Ni-WEEHEE-BPR,660,1.5689061043988166,0.13164900036710256
Ni-WEEHEE-BPR,662,1.530606574961265,0.14444368162523677
Ni-WEEHEE-BPR,664,1.5027861712767694,0.15441958344737597
Ni-WEEHEE-BPR,666,1.410460288011308,0.19198170784185506
Ni-WEEHEE-BPR,668,1.4207080652727135,0.18745691271727447
Ni-WEEHEE-BPR,670,1.332667756229473,0.2294353044475255
Ni-WEEHEE-BPR,672,1.3703622926716492,0.2105889158768164
Ni-WEEHEE-BPR,674,1.3394914383429783,0.22592391867201633
Ni-WEEHEE-BPR,676,1.44015904988986,0.17911952702332767
Ni-WEEHEE-BPR,678,1.526709802333867,0.14580565818546487
Ni-WEEHEE-BPR,680,1.4679117682242317,0.1677789057581714
Ni-WEEHEE-BPR,682,1.4834100416786324,0.1617219293929865
Ni-WEEHEE-BPR,684,1.4017127810630416,0.19591742973208337
Ni-WEEHEE-BPR,686,1.441624524677564,0.1785045139611388
Ni-WEEHEE-BPR,688,1.3653288693495145,0.2130283585578853
Ni-WEEHEE-BPR,690,1.325772796836296,0.2330287705176669
Ni-WEEHEE-BPR,692,1.5527767072271672,0.13690827633643443
Ni-WEEHEE-BPR,694,1.3687483988610334,0.21136852930643577
Ni-WEEHEE-BPR,696,1.348251084671794,0.22148137913334628
Ni-WEEHEE-BPR,698,1.3816379282657485,0.20520904911432397
Ni-WEEHEE-BPR,700,1.3992908287704107,0.19701917264886276
Ni-WEEHEE-BPR,702,1.399895476434578,0.19674362786230917
Ni-WEEHEE-BPR,704,1.3226960615380619,0.23464708140112125
Ni-WEEHEE-BPR,706,1.2831042715836356,0.2562977889416573
Ni-WEEHEE-BPR,708,1.285862772010714,0.2547391136964518
Ni-WEEHEE-BPR,710,1.3818213628676101,0.2051224924020829
Ni-WEEHEE-BPR,712,1.222453989583987,0.29250792538123094
Ni-WEEHEE-BPR,714,1.1993454088098259,0.3072934585930023
Ni-WEEHEE-BPR,716,1.3338028652630174,0.2288480989579992
Ni-WEEHEE-BPR,718,1.0879578353429258,0.38626085298486934
Ni-WEEHEE-BPR,720,1.4701595194868735,0.16688835188668544
Ni-WEEHEE-BPR,722,1.340674771811831,0.2253195166416424
Ni-WEEHEE-BPR,724,1.2596257552263463,0.269872875145944
Ni-WEEHEE-BPR,726,1.2231264298535018,0.2920859057984185
Ni-WEEHEE-BPR,728,1.380852947507635,0.20557980289016456
Ni-WEEHEE-BPR,730,1.2056029266079256,0.3032354035989324
Ni-WEEHEE-BPR,732,1.3081365139016443,0.2424298922089201
Ni-WEEHEE-BPR,734,1.3177794585561777,0.23725217113450459
Ni-WEEHEE-BPR,736,1.179999355533994,0.32009516490455037
Ni-WEEHEE-BPR,738,1.2073090867408969,0.30213594917976777
Ni-WEEHEE-BPR,740,1.272219400711021,0.2625224504452446
Ni-WEEHEE-BPR,742,1.1654001059230703,0.3300116276892616
Ni-WEEHEE-BPR,744,1.2959470531134398,0.2491054412377744
Ni-WEEHEE-BPR,746,1.1721944940775215,0.3253692132550818
Ni-WEEHEE-BPR,748,1.3817980070248106,0.2051335115428312
Ni-WEEHEE-BPR,750,1.2403911322058487,0.2814094052830002
Ni-WEEHEE-BPR,752,1.1176747405180607,0.36395726408291973
Ni-WEEHEE-BPR,754,1.374695384347083,0.20850766275857713
Ni-WEEHEE-BPR,756,1.1568554820944164,0.3359174852184474
Ni-WEEHEE-BPR,758,1.1434613824671191,0.3453263363065642
Ni-WEEHEE-BPR,760,1.2427449774657635,0.27997739970193497
Ni-WEEHEE-BPR,762,1.3001694576873473,0.24677647467753397
Ni-WEEHEE-BPR,764,1.1405349384007608,0.3474065593371955
Ni-WEEHEE-BPR,766,1.1131040569404589,0.3673300701410573
Ni-WEEHEE-BPR,768,1.1104219358203522,0.3693190793447114
Ni-WEEHEE-BPR,770,1.2788947256804541,0.2586910093326523
Ni-WEEHEE-BPR,772,1.3338081305653215,0.22884537803415034
Ni-WEEHEE-BPR,774,1.098045814833512,0.37859054024216093
Ni-WEEHEE-BPR,776,1.113025455266823,0.36738825649162343
Ni-WEEHEE-BPR,778,1.3645985867566612,0.21338424320826105
Ni-WEEHEE-BPR,780,1.112603862612516,0.3677004546239519
Ni-WEEHEE-BPR,782,1.12196620804531,0.3608097342251898
Ni-WEEHEE-BPR,784,1.069677343213395,0.400415470770864
Ni-WEEHEE-BPR,786,1.1535150174612103,0.3382467801037924
Ni-WEEHEE-BPR,788,1.2563719471795758,0.27179803956882337
Ni-WEEHEE-BPR,790,1.1286728446121064,0.3559282530544442
Ni-WEEHEE-BPR,792,1.0440862816293102,0.4207713750978485
Ni-WEEHEE-BPR,794,1.1461875939202495,0.343396343362994
Ni-WEEHEE-BPR,796,1.0187525479005306,0.44152261401968523
Ni-WEEHEE-BPR,798,1.0674886242343526,0.40213199722740167
Ni-WEEHEE-BPR,800,1.1792373534619942,0.32060730906087676
